#
# A fatal error has been detected by the Java Runtime Environment:
#
#  SIGSEGV (0xb) at pc=0x000000032132b1c8, pid=15702, tid=160559
#
# JRE version: OpenJDK Runtime Environment Temurin-21.0.10+7 (21.0.10+7) (build 21.0.10+7-LTS)
# Java VM: OpenJDK 64-Bit Server VM Temurin-21.0.10+7 (21.0.10+7-LTS, mixed mode, sharing, tiered, compressed oops, compressed class ptrs, g1 gc, bsd-aarch64)
# Problematic frame:
# C  [spark-4d28832c611d-libasyncProfiler.so.tmp+0x2b1c8]  ThreadFilter::accept(int)+0x10
#
# No core dump will be written. Core dumps have been disabled. To enable core dumping, try "ulimit -c unlimited" before starting Java again
#
# If you would like to submit a bug report, please visit:
#   https://github.com/adoptium/adoptium-support/issues
#

---------------  S U M M A R Y ------------

Command Line: -Xss1M -Djava.library.path=/Users/celestingrillot/Documents/curseforge/minecraft/Install/natives/neoforge-21.1.228 -Djna.tmpdir=/Users/celestingrillot/Documents/curseforge/minecraft/Install/natives/neoforge-21.1.228 -Dorg.lwjgl.system.SharedLibraryExtractPath=/Users/celestingrillot/Documents/curseforge/minecraft/Install/natives/neoforge-21.1.228 -Dio.netty.native.workdir=/Users/celestingrillot/Documents/curseforge/minecraft/Install/natives/neoforge-21.1.228 -Dminecraft.launcher.brand=CurseForge -Dminecraft.launcher.version=1.302.0.32857 -Djava.net.preferIPv6Addresses=system -DignoreList=client-extra,neoforge-21.1.228.jar -DlibraryDirectory=/Users/celestingrillot/Documents/curseforge/minecraft/Install/libraries --module-path=/Users/celestingrillot/Documents/curseforge/minecraft/Install/libraries/cpw/mods/bootstraplauncher/2.0.2/bootstraplauncher-2.0.2.jar:/Users/celestingrillot/Documents/curseforge/minecraft/Install/libraries/cpw/mods/securejarhandler/3.0.8/securejarhandler-3.0.8.jar:/Users/celestingrillot/Documents/curseforge/minecraft/Install/libraries/org/ow2/asm/asm-commons/9.8/asm-commons-9.8.jar:/Users/celestingrillot/Documents/curseforge/minecraft/Install/libraries/org/ow2/asm/asm-util/9.8/asm-util-9.8.jar:/Users/celestingrillot/Documents/curseforge/minecraft/Install/libraries/org/ow2/asm/asm-analysis/9.8/asm-analysis-9.8.jar:/Users/celestingrillot/Documents/curseforge/minecraft/Install/libraries/org/ow2/asm/asm-tree/9.8/asm-tree-9.8.jar:/Users/celestingrillot/Documents/curseforge/minecraft/Install/libraries/org/ow2/asm/asm/9.8/asm-9.8.jar:/Users/celestingrillot/Documents/curseforge/minecraft/Install/libraries/net/neoforged/JarJarFileSystems/0.4.1/JarJarFileSystems-0.4.1.jar --add-modules=ALL-MODULE-PATH --add-opens=java.base/java.util.jar=cpw.mods.securejarhandler --add-opens=java.base/java.lang.invoke=cpw.mods.securejarhandler --add-exports=java.base/sun.security.util=cpw.mods.securejarhandler --add-exports=jdk.naming.dns/com.sun.jndi.dns=java.naming -Xmx8192m -Xms256m -Dfml.ignorePatchDiscrepancies=true -Dfml.ignoreInvalidMinecraftCertificates=true -DlibraryDirectory=/Users/celestingrillot/Documents/curseforge/minecraft/Install/libraries -Duser.language=en -DCFInstanceId=e1fa1aa4-759a-4105-89bf-75b9bd43d0ae -Dlog4j.configurationFile=/Users/celestingrillot/Documents/curseforge/minecraft/Install/assets/log_configs/client-1.12.xml cpw.mods.bootstraplauncher.BootstrapLauncher --username GoldenRatQG --version neoforge-21.1.228 --gameDir /Users/celestingrillot/Documents/curseforge/minecraft/Instances/tests/ --assetsDir /Users/celestingrillot/Documents/curseforge/minecraft/Install/assets --assetIndex 17 --uuid 3c7f49ee55ab4c01b1d7fb5ee0cf58b3 --accessToken eyJraWQiOiIwNDkxODEiLCJhbGciOiJSUzI1NiJ9.eyJ4dWlkIjoiMjUzNTQ1NzY1OTUzMjYzNyIsImFnZyI6IkFkdWx0Iiwic3ViIjoiNjkxZTcxZjItOWI1My00MmYxLTk0YmEtZTg3YzQxYTBmZDg3IiwiYXV0aCI6IlhCT1giLCJucyI6ImRlZmF1bHQiLCJyb2xlcyI6W10sImlzcyI6ImF1dGhlbnRpY2F0aW9uIiwiZmxhZ3MiOlsibXVsdGlwbGF5ZXIiXSwicHJvZmlsZXMiOnsibWMiOiIzYzdmNDllZS01NWFiLTRjMDEtYjFkNy1mYjVlZTBjZjU4YjMifSwicG1pZCI6IjkxNGY2NDI2LWEwMDYtNWE0ZC05NDZlLTZiMmVkYmZkOTg5OSIsInBsYXRmb3JtIjoiUENfTEFVTkNIRVIiLCJ0aWQiOiJFOTlCMCIsInBmZCI6W3sidHlwZSI6Im1jIiwiaWQiOiIzYzdmNDllZS01NWFiLTRjMDEtYjFkNy1mYjVlZTBjZjU4YjMiLCJuYW1lIjoiR29sZGVuUmF0UUcifV0sInhpZCI6IjI1MzU0NTc2NTk1MzI2MzciLCJuYmYiOjE3NzczMzc0MzYsImV4cCI6MTc3NzQyMzgzNiwiaWF0IjoxNzc3MzM3NDM2LCJhaWQiOiJkNWIyZTA3OS0yYzJjLTRhZGUtOWRhYi0xYzFlYjIwNDE2MmEifQ.Y-OEYzzd5JeO9UrDhMYpCnGBMYRj-dKF9wFW-hTqd48II5DOYGQpcBcuuOPMn0pBm7KNTe1kZjviK0056hWDDKSQDBRPky7rAvwd4mlUVQxdADXwKVKU7M9TM5DkrUwRv0WkafjvWXDmWyrMxqayuuWBEI7b2lKmIQ1wlJfc2_1gF84R_c477GaCs3gbA1OVmY3s0LYEVbxB-jOil-qleCtbUFpTDEbvesCIOdDh0OzpTrBgcPcXg-3ZjDbcWGj2S9xQltx1vwT9jeIux2sS7fJZIE3nu_M3kSrUKLpx1aBAv64LL1gDB7I5BIDKfew9rlVDJeFTENer7KiG-GaCuw --clientId f927a8-df0571-2cbece-947fd8-348c8d --xuid 2535457659532637 --userType msa --versionType release --width 1024 --height 768 --quickPlayPath /Users/celestingrillot/Documents/curseforge/minecraft/Quickplay/e1fa1aa4-759a-4105-89bf-75b9bd43d0ae.json    --fml.neoForgeVersion 21.1.228 --fml.fmlVersion 4.0.42 --fml.mcVersion 1.21.1 --fml.neoFormVersion 20240808.144430 --launchTarget forgeclient

Host: "Mac16,12" arm64, 10 cores, 16G, Darwin 24.6.0, macOS 15.6.1 (24G90)
Time: Mon Apr 27 22:07:10 2026 -03 elapsed time: 409.600670 seconds (0d 0h 6m 49s)

---------------  T H R E A D  ---------------

Current thread is native thread

Stack: [0x0000000172320000,0x00000001723a3000],  sp=0x00000001723a2f10,  free space=523k
Native frames: (J=compiled Java code, j=interpreted, Vv=VM code, C=native code)
C  [spark-4d28832c611d-libasyncProfiler.so.tmp+0x2b1c8]  ThreadFilter::accept(int)+0x10
C  [spark-4d28832c611d-libasyncProfiler.so.tmp+0x2ee78]  WallClock::threadEntry(void*)+0xc
C  [libsystem_pthread.dylib+0x6c0c]  _pthread_start+0x88

siginfo: si_signo: 11 (SIGSEGV), si_code: 2 (SEGV_ACCERR), si_addr: 0xffffffffe400cefc

Registers:
 x0=0x00000001583f8108  x1=0x00000000ffffffff  x2=0x0000000000000000  x3=0x00000001723a2ef0
 x4=0x00000e1c00000000  x5=0x0003ff1b00000000  x6=0x0000000000000000  x7=0x0000000000000000
 x8=0xffffffffe3ffcf00  x9=0x0000000000003fff x10=0x0000000000000073 x11=0x0000000000039b39
x12=0x0000000169e0103c x13=0x0000000009540000 x14=0x0000000089540000 x15=0x0000000089540000
x16=0x0000000000000148 x17=0x0000000207869428 x18=0x0000000000000000 x19=0x0000000000000001
x20=0x0000000000000001 x21=0x000000000002732f x22=0x0000000169e6de90 x23=0x00000001723a2f40
x24=0x00000001583f8108 x25=0x0000000000000001 x26=0x00000000ffffffff x27=0x0000000169e44630
x28=0x0000000000000001  fp=0x00000001723a2fb0  lr=0x000000032132f004  sp=0x00000001723a2f10
pc=0x000000032132b1c8 cpsr=0x00000000a0000000

Top of Stack: (sp=0x00000001723a2f10)
0x00000001723a2f10:   0000000321344c00 00000001583f8000
0x00000001723a2f20:   00000001583f8108 00004d80cc848a07
0x00000001723a2f30:   0000000100000000 0000000169e44630
0x00000001723a2f40:   0000000169e44630 0000000000000001
0x00000001723a2f50:   00004d80c13caf57 0000000400000002
0x00000001723a2f60:   0000000000000000 0000000000000000
0x00000001723a2f70:   0000000000000000 0000000000000000
0x00000001723a2f80:   0000000000000000 0000000000000000
0x00000001723a2f90:   0000000000000000 0000000000000000
0x00000001723a2fa0:   0000000000000000 00000001723a3000
0x00000001723a2fb0:   00000001723a2fc0 000000032132ee78
0x00000001723a2fc0:   00000001723a2fe0 000000019887fc0c
0x00000001723a2fd0:   0000000000000000 0000000000000000
0x00000001723a2fe0:   0000000000000000 000000019887ab80
0x00000001723a2ff0:   0000000000000000 0000000000000000
0x00000001723a3000:   903554a39afa90d7 0000000000000000
0x00000001723a3010:   0000000176b77000 0000000170567010
0x00000001723a3020:   0000000000000000 0000000000000000
0x00000001723a3030:   0000000000000101 0000000a0000001f
0x00000001723a3040:   0000000000000000 0001000c00000000
0x00000001723a3050:   0000000000000000 0000000000000000
0x00000001723a3060:   0000000000000000 0000000000000000
0x00000001723a3070:   0000000000000000 0000000000000000
0x00000001723a3080:   0000000000000000 0000000000000000
0x00000001723a3090:   000000032132ee6c 0000000321344c00
0x00000001723a30a0:   0003000000000000 0000000200000000
0x00000001723a30b0:   00000001723a3000 0000000172320000
0x00000001723a30c0:   000000017231c000 000000000008c000
0x00000001723a30d0:   0000000000004000 000000000014e5ee
0x00000001723a30e0:   00000001723a3000 00000001723a30ac
0x00000001723a30f0:   000000000003ff1b 000000000002732f
0x00000001723a3100:   00000000000008ff 0000000000000000 

Instructions: (pc=0x000000032132b1c8)
0x000000032132b0c8:   00 58 76 f8 60 01 00 b5 20 00 a0 52 5c cf ff 97
0x000000032132b0d8:   15 00 80 d2 68 0e 16 8b 00 fd f5 c8 bf 02 00 f1
0x000000032132b0e8:   80 00 00 54 21 00 a0 52 62 cf ff 97 e0 03 15 aa
0x000000032132b0f8:   28 00 80 52 09 21 d4 1a 8a 4a 05 53 0a 48 2a 8b
0x000000032132b108:   4a 31 e9 b8 5f 01 09 6a a0 00 00 54 fd 7b 42 a9
0x000000032132b118:   f4 4f 41 a9 f6 57 c3 a8 c0 03 5f d6 89 00 90 52
0x000000032132b128:   69 02 09 8b 28 01 e8 b8 fd 7b 42 a9 f4 4f 41 a9
0x000000032132b138:   f6 57 c3 a8 c0 03 5f d6 f4 4f be a9 fd 7b 01 a9
0x000000032132b148:   fd 43 00 91 f3 03 00 aa 14 00 80 d2 04 00 00 14
0x000000032132b158:   94 22 00 91 9f 22 40 f1 c0 00 00 54 60 6a 74 f8
0x000000032132b168:   80 ff ff b4 21 00 a0 52 09 13 00 94 f9 ff ff 17
0x000000032132b178:   88 00 90 52 7f 6a 28 b8 fd 7b 41 a9 f4 4f c2 a8
0x000000032132b188:   c0 03 5f d6 09 00 80 d2 08 00 80 d2 0a 68 69 f8
0x000000032132b198:   0b 41 40 91 5f 01 00 f1 08 01 8b 9a 29 21 00 91
0x000000032132b1a8:   3f 21 40 f1 41 ff ff 54 e0 03 08 aa c0 03 5f d6
0x000000032132b1b8:   28 7c 13 53 08 58 68 f8 c8 00 00 b4 29 48 05 53
0x000000032132b1c8:   08 59 69 b8 08 25 c1 1a 00 01 00 12 c0 03 5f d6
0x000000032132b1d8:   00 00 80 52 c0 03 5f d6 28 7c 13 53 08 58 68 f8
0x000000032132b1e8:   88 01 00 b4 29 00 80 52 29 21 c1 1a 2a 48 05 53
0x000000032132b1f8:   08 49 2a 8b 08 11 e9 b8 1f 01 09 6a a0 00 00 54
0x000000032132b208:   88 00 90 52 08 00 08 8b 09 00 80 12 08 01 e9 b8
0x000000032132b218:   c0 03 5f d6 ff 43 02 d1 fc 6f 03 a9 fa 67 04 a9
0x000000032132b228:   f8 5f 05 a9 f6 57 06 a9 f4 4f 07 a9 fd 7b 08 a9
0x000000032132b238:   fd 03 02 91 f3 03 01 aa e0 07 00 f9 09 00 80 d2
0x000000032132b248:   05 00 00 14 e9 0b 40 f9 29 05 00 91 3f 05 40 f1
0x000000032132b258:   60 0d 00 54 e8 07 40 f9 e9 0b 00 f9 08 79 69 f8
0x000000032132b268:   e8 13 00 f9 08 ff ff b4 09 00 80 d2 e8 0b 40 f9
0x000000032132b278:   08 b1 6d d3 e8 0f 00 f9 05 00 00 14 e9 17 40 f9
0x000000032132b288:   29 05 00 91 3f 11 40 f1 e0 fd ff 54 e8 13 40 f9
0x000000032132b298:   e9 17 00 f9 1c 79 69 b8 3c ff ff 34 14 00 80 52
0x000000032132b2a8:   e8 17 40 f9 e9 0f 40 f9 36 15 08 0b 06 00 00 14
0x000000032132b2b8:   38 47 00 b8 79 06 00 f9 94 06 00 11 9f 82 00 71 



---------------  P R O C E S S  ---------------

VM state: not at safepoint (normal execution)

VM Mutex/Monitor currently owned by a thread: None

Heap address: 0x0000000600000000, size: 8192 MB, Compressed Oops mode: Zero based, Oop shift amount: 3

CDS archive(s) mapped at: [0x0000007000000000-0x0000007000ba8000-0x0000007000ba8000), size 12222464, SharedBaseAddress: 0x0000007000000000, ArchiveRelocationMode: 1.
Compressed class space mapped at: 0x0000007001000000-0x0000007041000000, reserved size: 1073741824
Narrow klass base: 0x0000007000000000, Narrow klass shift: 0, Narrow klass range: 0x100000000

GC Precious Log:
<Skipped>

Heap:
 garbage-first heap   total 3981312K, used 3164891K [0x0000000600000000, 0x0000000800000000)
  region size 4096K, 344 young (1409024K), 5 survivors (20480K)
 Metaspace       used 524105K, committed 530624K, reserved 1507328K
  class space    used 100411K, committed 103360K, reserved 1048576K

Heap Regions: E=young(eden), S=young(survivor), O=old, HS=humongous(starts), HC=humongous(continues), CS=collection set, F=free, TAMS=top-at-mark-start, PB=parsable bottom
|   0|0x0000000600000000, 0x0000000600400000, 0x0000000600400000|100%| O|  |TAMS 0x0000000600000000| PB 0x0000000600000000| Untracked 
|   1|0x0000000600400000, 0x0000000600800000, 0x0000000600800000|100%| O|  |TAMS 0x0000000600400000| PB 0x0000000600400000| Untracked 
|   2|0x0000000600800000, 0x0000000600c00000, 0x0000000600c00000|100%| O|  |TAMS 0x0000000600800000| PB 0x0000000600800000| Untracked 
|   3|0x0000000600c00000, 0x0000000601000000, 0x0000000601000000|100%| O|  |TAMS 0x0000000600c00000| PB 0x0000000600c00000| Untracked 
|   4|0x0000000601000000, 0x0000000601400000, 0x0000000601400000|100%| O|  |TAMS 0x0000000601000000| PB 0x0000000601000000| Untracked 
|   5|0x0000000601400000, 0x0000000601800000, 0x0000000601800000|100%| O|  |TAMS 0x0000000601400000| PB 0x0000000601400000| Untracked 
|   6|0x0000000601800000, 0x0000000601c00000, 0x0000000601c00000|100%| O|  |TAMS 0x0000000601800000| PB 0x0000000601800000| Untracked 
|   7|0x0000000601c00000, 0x0000000602000000, 0x0000000602000000|100%|HS|  |TAMS 0x0000000601c00000| PB 0x0000000601c00000| Complete 
|   8|0x0000000602000000, 0x0000000602400000, 0x0000000602400000|100%|HS|  |TAMS 0x0000000602000000| PB 0x0000000602000000| Complete 
|   9|0x0000000602400000, 0x0000000602800000, 0x0000000602800000|100%|HS|  |TAMS 0x0000000602400000| PB 0x0000000602400000| Complete 
|  10|0x0000000602800000, 0x0000000602c00000, 0x0000000602c00000|100%| O|  |TAMS 0x0000000602800000| PB 0x0000000602800000| Untracked 
|  11|0x0000000602c00000, 0x0000000603000000, 0x0000000603000000|100%| O|  |TAMS 0x0000000602c00000| PB 0x0000000602c00000| Untracked 
|  12|0x0000000603000000, 0x0000000603400000, 0x0000000603400000|100%| O|  |TAMS 0x0000000603000000| PB 0x0000000603000000| Untracked 
|  13|0x0000000603400000, 0x0000000603800000, 0x0000000603800000|100%| O|  |TAMS 0x0000000603400000| PB 0x0000000603400000| Untracked 
|  14|0x0000000603800000, 0x0000000603c00000, 0x0000000603c00000|100%| O|  |TAMS 0x0000000603800000| PB 0x0000000603800000| Untracked 
|  15|0x0000000603c00000, 0x0000000604000000, 0x0000000604000000|100%| O|  |TAMS 0x0000000603c00000| PB 0x0000000603c00000| Untracked 
|  16|0x0000000604000000, 0x0000000604400000, 0x0000000604400000|100%| O|  |TAMS 0x0000000604000000| PB 0x0000000604000000| Untracked 
|  17|0x0000000604400000, 0x0000000604800000, 0x0000000604800000|100%| O|  |TAMS 0x0000000604400000| PB 0x0000000604400000| Untracked 
|  18|0x0000000604800000, 0x0000000604c00000, 0x0000000604c00000|100%| O|  |TAMS 0x0000000604800000| PB 0x0000000604800000| Untracked 
|  19|0x0000000604c00000, 0x0000000605000000, 0x0000000605000000|100%| O|  |TAMS 0x0000000604c00000| PB 0x0000000604c00000| Untracked 
|  20|0x0000000605000000, 0x0000000605400000, 0x0000000605400000|100%| O|  |TAMS 0x0000000605000000| PB 0x0000000605000000| Untracked 
|  21|0x0000000605400000, 0x0000000605800000, 0x0000000605800000|100%| O|  |TAMS 0x0000000605400000| PB 0x0000000605400000| Untracked 
|  22|0x0000000605800000, 0x0000000605c00000, 0x0000000605c00000|100%| O|  |TAMS 0x0000000605800000| PB 0x0000000605800000| Untracked 
|  23|0x0000000605c00000, 0x0000000606000000, 0x0000000606000000|100%| O|  |TAMS 0x0000000605c00000| PB 0x0000000605c00000| Untracked 
|  24|0x0000000606000000, 0x0000000606400000, 0x0000000606400000|100%| O|  |TAMS 0x0000000606000000| PB 0x0000000606000000| Untracked 
|  25|0x0000000606400000, 0x0000000606800000, 0x0000000606800000|100%| O|  |TAMS 0x0000000606400000| PB 0x0000000606400000| Untracked 
|  26|0x0000000606800000, 0x0000000606c00000, 0x0000000606c00000|100%| O|  |TAMS 0x0000000606800000| PB 0x0000000606800000| Untracked 
|  27|0x0000000606c00000, 0x0000000607000000, 0x0000000607000000|100%| O|  |TAMS 0x0000000606c00000| PB 0x0000000606c00000| Untracked 
|  28|0x0000000607000000, 0x0000000607400000, 0x0000000607400000|100%| O|  |TAMS 0x0000000607000000| PB 0x0000000607000000| Untracked 
|  29|0x0000000607400000, 0x0000000607800000, 0x0000000607800000|100%| O|  |TAMS 0x0000000607400000| PB 0x0000000607400000| Untracked 
|  30|0x0000000607800000, 0x0000000607c00000, 0x0000000607c00000|100%| O|  |TAMS 0x0000000607800000| PB 0x0000000607800000| Untracked 
|  31|0x0000000607c00000, 0x0000000608000000, 0x0000000608000000|100%| O|  |TAMS 0x0000000607c00000| PB 0x0000000607c00000| Untracked 
|  32|0x0000000608000000, 0x0000000608400000, 0x0000000608400000|100%| O|  |TAMS 0x0000000608000000| PB 0x0000000608000000| Untracked 
|  33|0x0000000608400000, 0x0000000608800000, 0x0000000608800000|100%| O|  |TAMS 0x0000000608400000| PB 0x0000000608400000| Untracked 
|  34|0x0000000608800000, 0x0000000608c00000, 0x0000000608c00000|100%| O|  |TAMS 0x0000000608800000| PB 0x0000000608800000| Untracked 
|  35|0x0000000608c00000, 0x0000000609000000, 0x0000000609000000|100%| O|  |TAMS 0x0000000608c00000| PB 0x0000000608c00000| Untracked 
|  36|0x0000000609000000, 0x0000000609400000, 0x0000000609400000|100%| O|  |TAMS 0x0000000609000000| PB 0x0000000609000000| Untracked 
|  37|0x0000000609400000, 0x0000000609800000, 0x0000000609800000|100%| O|  |TAMS 0x0000000609400000| PB 0x0000000609400000| Untracked 
|  38|0x0000000609800000, 0x0000000609c00000, 0x0000000609c00000|100%| O|  |TAMS 0x0000000609800000| PB 0x0000000609800000| Untracked 
|  39|0x0000000609c00000, 0x000000060a000000, 0x000000060a000000|100%| O|  |TAMS 0x0000000609c00000| PB 0x0000000609c00000| Untracked 
|  40|0x000000060a000000, 0x000000060a400000, 0x000000060a400000|100%| O|  |TAMS 0x000000060a000000| PB 0x000000060a000000| Untracked 
|  41|0x000000060a400000, 0x000000060a800000, 0x000000060a800000|100%| O|  |TAMS 0x000000060a400000| PB 0x000000060a400000| Untracked 
|  42|0x000000060a800000, 0x000000060ac00000, 0x000000060ac00000|100%| O|  |TAMS 0x000000060a800000| PB 0x000000060a800000| Untracked 
|  43|0x000000060ac00000, 0x000000060b000000, 0x000000060b000000|100%| O|  |TAMS 0x000000060ac00000| PB 0x000000060ac00000| Untracked 
|  44|0x000000060b000000, 0x000000060b400000, 0x000000060b400000|100%| O|  |TAMS 0x000000060b000000| PB 0x000000060b000000| Untracked 
|  45|0x000000060b400000, 0x000000060b800000, 0x000000060b800000|100%| O|  |TAMS 0x000000060b400000| PB 0x000000060b400000| Untracked 
|  46|0x000000060b800000, 0x000000060bc00000, 0x000000060bc00000|100%| O|  |TAMS 0x000000060b800000| PB 0x000000060b800000| Untracked 
|  47|0x000000060bc00000, 0x000000060c000000, 0x000000060c000000|100%| O|  |TAMS 0x000000060bc00000| PB 0x000000060bc00000| Untracked 
|  48|0x000000060c000000, 0x000000060c400000, 0x000000060c400000|100%| O|  |TAMS 0x000000060c000000| PB 0x000000060c000000| Untracked 
|  49|0x000000060c400000, 0x000000060c800000, 0x000000060c800000|100%| O|  |TAMS 0x000000060c400000| PB 0x000000060c400000| Untracked 
|  50|0x000000060c800000, 0x000000060cc00000, 0x000000060cc00000|100%| O|  |TAMS 0x000000060c800000| PB 0x000000060c800000| Untracked 
|  51|0x000000060cc00000, 0x000000060d000000, 0x000000060d000000|100%| O|  |TAMS 0x000000060cc00000| PB 0x000000060cc00000| Untracked 
|  52|0x000000060d000000, 0x000000060d400000, 0x000000060d400000|100%| O|  |TAMS 0x000000060d000000| PB 0x000000060d000000| Untracked 
|  53|0x000000060d400000, 0x000000060d800000, 0x000000060d800000|100%| O|  |TAMS 0x000000060d400000| PB 0x000000060d400000| Untracked 
|  54|0x000000060d800000, 0x000000060dc00000, 0x000000060dc00000|100%| O|  |TAMS 0x000000060d800000| PB 0x000000060d800000| Untracked 
|  55|0x000000060dc00000, 0x000000060e000000, 0x000000060e000000|100%| O|  |TAMS 0x000000060dc00000| PB 0x000000060dc00000| Untracked 
|  56|0x000000060e000000, 0x000000060e400000, 0x000000060e400000|100%| O|  |TAMS 0x000000060e000000| PB 0x000000060e000000| Untracked 
|  57|0x000000060e400000, 0x000000060e800000, 0x000000060e800000|100%| O|  |TAMS 0x000000060e400000| PB 0x000000060e400000| Untracked 
|  58|0x000000060e800000, 0x000000060ec00000, 0x000000060ec00000|100%| O|  |TAMS 0x000000060e800000| PB 0x000000060e800000| Untracked 
|  59|0x000000060ec00000, 0x000000060f000000, 0x000000060f000000|100%| O|  |TAMS 0x000000060ec00000| PB 0x000000060ec00000| Untracked 
|  60|0x000000060f000000, 0x000000060f400000, 0x000000060f400000|100%| O|  |TAMS 0x000000060f000000| PB 0x000000060f000000| Untracked 
|  61|0x000000060f400000, 0x000000060f800000, 0x000000060f800000|100%| O|  |TAMS 0x000000060f400000| PB 0x000000060f400000| Untracked 
|  62|0x000000060f800000, 0x000000060fc00000, 0x000000060fc00000|100%| O|  |TAMS 0x000000060f800000| PB 0x000000060f800000| Untracked 
|  63|0x000000060fc00000, 0x0000000610000000, 0x0000000610000000|100%| O|  |TAMS 0x000000060fc00000| PB 0x000000060fc00000| Untracked 
|  64|0x0000000610000000, 0x0000000610400000, 0x0000000610400000|100%| O|  |TAMS 0x0000000610000000| PB 0x0000000610000000| Untracked 
|  65|0x0000000610400000, 0x0000000610800000, 0x0000000610800000|100%| O|  |TAMS 0x0000000610400000| PB 0x0000000610400000| Untracked 
|  66|0x0000000610800000, 0x0000000610c00000, 0x0000000610c00000|100%| O|  |TAMS 0x0000000610800000| PB 0x0000000610800000| Untracked 
|  67|0x0000000610c00000, 0x0000000611000000, 0x0000000611000000|100%| O|  |TAMS 0x0000000610c00000| PB 0x0000000610c00000| Untracked 
|  68|0x0000000611000000, 0x0000000611400000, 0x0000000611400000|100%| O|  |TAMS 0x0000000611000000| PB 0x0000000611000000| Untracked 
|  69|0x0000000611400000, 0x0000000611800000, 0x0000000611800000|100%| O|  |TAMS 0x0000000611400000| PB 0x0000000611400000| Untracked 
|  70|0x0000000611800000, 0x0000000611c00000, 0x0000000611c00000|100%| O|  |TAMS 0x0000000611800000| PB 0x0000000611800000| Untracked 
|  71|0x0000000611c00000, 0x0000000612000000, 0x0000000612000000|100%| O|  |TAMS 0x0000000611c00000| PB 0x0000000611c00000| Untracked 
|  72|0x0000000612000000, 0x0000000612400000, 0x0000000612400000|100%| O|  |TAMS 0x0000000612000000| PB 0x0000000612000000| Untracked 
|  73|0x0000000612400000, 0x0000000612800000, 0x0000000612800000|100%| O|  |TAMS 0x0000000612400000| PB 0x0000000612400000| Untracked 
|  74|0x0000000612800000, 0x0000000612c00000, 0x0000000612c00000|100%| O|  |TAMS 0x0000000612800000| PB 0x0000000612800000| Untracked 
|  75|0x0000000612c00000, 0x0000000613000000, 0x0000000613000000|100%| O|  |TAMS 0x0000000612c00000| PB 0x0000000612c00000| Untracked 
|  76|0x0000000613000000, 0x0000000613400000, 0x0000000613400000|100%| O|  |TAMS 0x0000000613000000| PB 0x0000000613000000| Untracked 
|  77|0x0000000613400000, 0x0000000613800000, 0x0000000613800000|100%| O|  |TAMS 0x0000000613400000| PB 0x0000000613400000| Untracked 
|  78|0x0000000613800000, 0x0000000613c00000, 0x0000000613c00000|100%| O|  |TAMS 0x0000000613800000| PB 0x0000000613800000| Untracked 
|  79|0x0000000613c00000, 0x0000000614000000, 0x0000000614000000|100%| O|  |TAMS 0x0000000613c00000| PB 0x0000000613c00000| Untracked 
|  80|0x0000000614000000, 0x0000000614400000, 0x0000000614400000|100%| O|  |TAMS 0x0000000614000000| PB 0x0000000614000000| Untracked 
|  81|0x0000000614400000, 0x0000000614800000, 0x0000000614800000|100%| O|  |TAMS 0x0000000614400000| PB 0x0000000614400000| Untracked 
|  82|0x0000000614800000, 0x0000000614c00000, 0x0000000614c00000|100%| O|  |TAMS 0x0000000614800000| PB 0x0000000614800000| Untracked 
|  83|0x0000000614c00000, 0x0000000615000000, 0x0000000615000000|100%| O|  |TAMS 0x0000000614c00000| PB 0x0000000614c00000| Untracked 
|  84|0x0000000615000000, 0x0000000615400000, 0x0000000615400000|100%| O|  |TAMS 0x0000000615000000| PB 0x0000000615000000| Untracked 
|  85|0x0000000615400000, 0x0000000615800000, 0x0000000615800000|100%| O|  |TAMS 0x0000000615400000| PB 0x0000000615400000| Untracked 
|  86|0x0000000615800000, 0x0000000615c00000, 0x0000000615c00000|100%| O|  |TAMS 0x0000000615800000| PB 0x0000000615800000| Untracked 
|  87|0x0000000615c00000, 0x0000000616000000, 0x0000000616000000|100%| O|  |TAMS 0x0000000615c00000| PB 0x0000000615c00000| Untracked 
|  88|0x0000000616000000, 0x0000000616400000, 0x0000000616400000|100%| O|  |TAMS 0x0000000616000000| PB 0x0000000616000000| Untracked 
|  89|0x0000000616400000, 0x0000000616800000, 0x0000000616800000|100%| O|  |TAMS 0x0000000616400000| PB 0x0000000616400000| Untracked 
|  90|0x0000000616800000, 0x0000000616c00000, 0x0000000616c00000|100%| O|  |TAMS 0x0000000616800000| PB 0x0000000616800000| Untracked 
|  91|0x0000000616c00000, 0x0000000617000000, 0x0000000617000000|100%| O|  |TAMS 0x0000000616c00000| PB 0x0000000616c00000| Untracked 
|  92|0x0000000617000000, 0x0000000617400000, 0x0000000617400000|100%| O|  |TAMS 0x0000000617000000| PB 0x0000000617000000| Untracked 
|  93|0x0000000617400000, 0x0000000617800000, 0x0000000617800000|100%| O|  |TAMS 0x0000000617400000| PB 0x0000000617400000| Untracked 
|  94|0x0000000617800000, 0x0000000617c00000, 0x0000000617c00000|100%| O|  |TAMS 0x0000000617800000| PB 0x0000000617800000| Untracked 
|  95|0x0000000617c00000, 0x0000000618000000, 0x0000000618000000|100%| O|  |TAMS 0x0000000617c00000| PB 0x0000000617c00000| Untracked 
|  96|0x0000000618000000, 0x0000000618400000, 0x0000000618400000|100%| O|  |TAMS 0x0000000618000000| PB 0x0000000618000000| Untracked 
|  97|0x0000000618400000, 0x0000000618800000, 0x0000000618800000|100%| O|  |TAMS 0x0000000618400000| PB 0x0000000618400000| Untracked 
|  98|0x0000000618800000, 0x0000000618c00000, 0x0000000618c00000|100%| O|  |TAMS 0x0000000618800000| PB 0x0000000618800000| Untracked 
|  99|0x0000000618c00000, 0x0000000619000000, 0x0000000619000000|100%| O|  |TAMS 0x0000000618c00000| PB 0x0000000618c00000| Untracked 
| 100|0x0000000619000000, 0x0000000619400000, 0x0000000619400000|100%| O|  |TAMS 0x0000000619000000| PB 0x0000000619000000| Untracked 
| 101|0x0000000619400000, 0x0000000619800000, 0x0000000619800000|100%| O|  |TAMS 0x0000000619400000| PB 0x0000000619400000| Untracked 
| 102|0x0000000619800000, 0x0000000619c00000, 0x0000000619c00000|100%| O|  |TAMS 0x0000000619800000| PB 0x0000000619800000| Untracked 
| 103|0x0000000619c00000, 0x000000061a000000, 0x000000061a000000|100%| O|  |TAMS 0x0000000619c00000| PB 0x0000000619c00000| Untracked 
| 104|0x000000061a000000, 0x000000061a400000, 0x000000061a400000|100%| O|  |TAMS 0x000000061a000000| PB 0x000000061a000000| Untracked 
| 105|0x000000061a400000, 0x000000061a800000, 0x000000061a800000|100%| O|  |TAMS 0x000000061a400000| PB 0x000000061a400000| Untracked 
| 106|0x000000061a800000, 0x000000061ac00000, 0x000000061ac00000|100%| O|  |TAMS 0x000000061a800000| PB 0x000000061a800000| Untracked 
| 107|0x000000061ac00000, 0x000000061b000000, 0x000000061b000000|100%| O|  |TAMS 0x000000061ac00000| PB 0x000000061ac00000| Untracked 
| 108|0x000000061b000000, 0x000000061b400000, 0x000000061b400000|100%| O|  |TAMS 0x000000061b000000| PB 0x000000061b000000| Untracked 
| 109|0x000000061b400000, 0x000000061b800000, 0x000000061b800000|100%| O|  |TAMS 0x000000061b400000| PB 0x000000061b400000| Untracked 
| 110|0x000000061b800000, 0x000000061bc00000, 0x000000061bc00000|100%| O|  |TAMS 0x000000061b800000| PB 0x000000061b800000| Untracked 
| 111|0x000000061bc00000, 0x000000061c000000, 0x000000061c000000|100%| O|  |TAMS 0x000000061bc00000| PB 0x000000061bc00000| Untracked 
| 112|0x000000061c000000, 0x000000061c400000, 0x000000061c400000|100%| O|  |TAMS 0x000000061c000000| PB 0x000000061c000000| Untracked 
| 113|0x000000061c400000, 0x000000061c800000, 0x000000061c800000|100%| O|  |TAMS 0x000000061c400000| PB 0x000000061c400000| Untracked 
| 114|0x000000061c800000, 0x000000061cc00000, 0x000000061cc00000|100%| O|  |TAMS 0x000000061c800000| PB 0x000000061c800000| Untracked 
| 115|0x000000061cc00000, 0x000000061d000000, 0x000000061d000000|100%|HS|  |TAMS 0x000000061cc00000| PB 0x000000061cc00000| Complete 
| 116|0x000000061d000000, 0x000000061d400000, 0x000000061d400000|100%| O|  |TAMS 0x000000061d000000| PB 0x000000061d000000| Untracked 
| 117|0x000000061d400000, 0x000000061d800000, 0x000000061d800000|100%|HS|  |TAMS 0x000000061d400000| PB 0x000000061d400000| Complete 
| 118|0x000000061d800000, 0x000000061dc00000, 0x000000061dc00000|100%|HS|  |TAMS 0x000000061d800000| PB 0x000000061d800000| Complete 
| 119|0x000000061dc00000, 0x000000061e000000, 0x000000061e000000|100%| O|  |TAMS 0x000000061dc00000| PB 0x000000061dc00000| Untracked 
| 120|0x000000061e000000, 0x000000061e400000, 0x000000061e400000|100%| O|  |TAMS 0x000000061e000000| PB 0x000000061e000000| Untracked 
| 121|0x000000061e400000, 0x000000061e800000, 0x000000061e800000|100%| O|  |TAMS 0x000000061e400000| PB 0x000000061e400000| Untracked 
| 122|0x000000061e800000, 0x000000061ec00000, 0x000000061ec00000|100%| O|  |TAMS 0x000000061e800000| PB 0x000000061e800000| Untracked 
| 123|0x000000061ec00000, 0x000000061f000000, 0x000000061f000000|100%| O|  |TAMS 0x000000061ec00000| PB 0x000000061ec00000| Untracked 
| 124|0x000000061f000000, 0x000000061f400000, 0x000000061f400000|100%| O|  |TAMS 0x000000061f000000| PB 0x000000061f000000| Untracked 
| 125|0x000000061f400000, 0x000000061f800000, 0x000000061f800000|100%| O|  |TAMS 0x000000061f400000| PB 0x000000061f400000| Untracked 
| 126|0x000000061f800000, 0x000000061fc00000, 0x000000061fc00000|100%| O|  |TAMS 0x000000061f800000| PB 0x000000061f800000| Untracked 
| 127|0x000000061fc00000, 0x0000000620000000, 0x0000000620000000|100%| O|  |TAMS 0x000000061fc00000| PB 0x000000061fc00000| Untracked 
| 128|0x0000000620000000, 0x0000000620400000, 0x0000000620400000|100%| O|  |TAMS 0x0000000620000000| PB 0x0000000620000000| Untracked 
| 129|0x0000000620400000, 0x0000000620800000, 0x0000000620800000|100%| O|  |TAMS 0x0000000620400000| PB 0x0000000620400000| Untracked 
| 130|0x0000000620800000, 0x0000000620c00000, 0x0000000620c00000|100%| O|  |TAMS 0x0000000620800000| PB 0x0000000620800000| Untracked 
| 131|0x0000000620c00000, 0x0000000621000000, 0x0000000621000000|100%| O|  |TAMS 0x0000000620c00000| PB 0x0000000620c00000| Untracked 
| 132|0x0000000621000000, 0x0000000621400000, 0x0000000621400000|100%| O|  |TAMS 0x0000000621000000| PB 0x0000000621000000| Untracked 
| 133|0x0000000621400000, 0x0000000621800000, 0x0000000621800000|100%| O|  |TAMS 0x0000000621400000| PB 0x0000000621400000| Untracked 
| 134|0x0000000621800000, 0x0000000621c00000, 0x0000000621c00000|100%| O|  |TAMS 0x0000000621800000| PB 0x0000000621800000| Untracked 
| 135|0x0000000621c00000, 0x0000000622000000, 0x0000000622000000|100%| O|  |TAMS 0x0000000621c00000| PB 0x0000000621c00000| Untracked 
| 136|0x0000000622000000, 0x0000000622400000, 0x0000000622400000|100%| O|  |TAMS 0x0000000622000000| PB 0x0000000622000000| Untracked 
| 137|0x0000000622400000, 0x0000000622800000, 0x0000000622800000|100%|HS|  |TAMS 0x0000000622400000| PB 0x0000000622400000| Complete 
| 138|0x0000000622800000, 0x0000000622c00000, 0x0000000622c00000|100%| O|  |TAMS 0x0000000622800000| PB 0x0000000622800000| Untracked 
| 139|0x0000000622c00000, 0x0000000623000000, 0x0000000623000000|100%| O|  |TAMS 0x0000000622c00000| PB 0x0000000622c00000| Untracked 
| 140|0x0000000623000000, 0x0000000623400000, 0x0000000623400000|100%| O|  |TAMS 0x0000000623000000| PB 0x0000000623000000| Untracked 
| 141|0x0000000623400000, 0x0000000623800000, 0x0000000623800000|100%| O|  |TAMS 0x0000000623400000| PB 0x0000000623400000| Untracked 
| 142|0x0000000623800000, 0x0000000623c00000, 0x0000000623c00000|100%| O|  |TAMS 0x0000000623800000| PB 0x0000000623800000| Untracked 
| 143|0x0000000623c00000, 0x0000000624000000, 0x0000000624000000|100%| O|  |TAMS 0x0000000623c00000| PB 0x0000000623c00000| Untracked 
| 144|0x0000000624000000, 0x0000000624400000, 0x0000000624400000|100%| O|  |TAMS 0x0000000624000000| PB 0x0000000624000000| Untracked 
| 145|0x0000000624400000, 0x0000000624800000, 0x0000000624800000|100%| O|  |TAMS 0x0000000624400000| PB 0x0000000624400000| Untracked 
| 146|0x0000000624800000, 0x0000000624c00000, 0x0000000624c00000|100%| O|  |TAMS 0x0000000624800000| PB 0x0000000624800000| Untracked 
| 147|0x0000000624c00000, 0x0000000625000000, 0x0000000625000000|100%| O|  |TAMS 0x0000000624c00000| PB 0x0000000624c00000| Untracked 
| 148|0x0000000625000000, 0x0000000625400000, 0x0000000625400000|100%| O|Cm|TAMS 0x0000000625000000| PB 0x0000000625000000| Complete 
| 149|0x0000000625400000, 0x0000000625800000, 0x0000000625800000|100%|HS|  |TAMS 0x0000000625400000| PB 0x0000000625400000| Complete 
| 150|0x0000000625800000, 0x0000000625c00000, 0x0000000625c00000|100%| O|  |TAMS 0x0000000625800000| PB 0x0000000625800000| Untracked 
| 151|0x0000000625c00000, 0x0000000626000000, 0x0000000626000000|100%| O|  |TAMS 0x0000000625c00000| PB 0x0000000625c00000| Untracked 
| 152|0x0000000626000000, 0x0000000626400000, 0x0000000626400000|100%| O|  |TAMS 0x0000000626000000| PB 0x0000000626000000| Untracked 
| 153|0x0000000626400000, 0x0000000626800000, 0x0000000626800000|100%| O|  |TAMS 0x0000000626400000| PB 0x0000000626400000| Untracked 
| 154|0x0000000626800000, 0x0000000626c00000, 0x0000000626c00000|100%| O|  |TAMS 0x0000000626800000| PB 0x0000000626800000| Untracked 
| 155|0x0000000626c00000, 0x0000000627000000, 0x0000000627000000|100%| O|  |TAMS 0x0000000626c00000| PB 0x0000000626c00000| Untracked 
| 156|0x0000000627000000, 0x0000000627400000, 0x0000000627400000|100%| O|  |TAMS 0x0000000627000000| PB 0x0000000627000000| Untracked 
| 157|0x0000000627400000, 0x0000000627800000, 0x0000000627800000|100%| O|  |TAMS 0x0000000627400000| PB 0x0000000627400000| Untracked 
| 158|0x0000000627800000, 0x0000000627c00000, 0x0000000627c00000|100%| O|  |TAMS 0x0000000627800000| PB 0x0000000627800000| Untracked 
| 159|0x0000000627c00000, 0x0000000628000000, 0x0000000628000000|100%| O|  |TAMS 0x0000000627c00000| PB 0x0000000627c00000| Untracked 
| 160|0x0000000628000000, 0x0000000628400000, 0x0000000628400000|100%| O|  |TAMS 0x0000000628000000| PB 0x0000000628000000| Untracked 
| 161|0x0000000628400000, 0x0000000628800000, 0x0000000628800000|100%| O|  |TAMS 0x0000000628400000| PB 0x0000000628400000| Untracked 
| 162|0x0000000628800000, 0x0000000628c00000, 0x0000000628c00000|100%| O|  |TAMS 0x0000000628800000| PB 0x0000000628800000| Untracked 
| 163|0x0000000628c00000, 0x0000000629000000, 0x0000000629000000|100%| O|  |TAMS 0x0000000628c00000| PB 0x0000000628c00000| Untracked 
| 164|0x0000000629000000, 0x0000000629400000, 0x0000000629400000|100%| O|  |TAMS 0x0000000629000000| PB 0x0000000629000000| Untracked 
| 165|0x0000000629400000, 0x0000000629800000, 0x0000000629800000|100%| O|  |TAMS 0x0000000629400000| PB 0x0000000629400000| Untracked 
| 166|0x0000000629800000, 0x0000000629c00000, 0x0000000629c00000|100%| O|  |TAMS 0x0000000629800000| PB 0x0000000629800000| Untracked 
| 167|0x0000000629c00000, 0x000000062a000000, 0x000000062a000000|100%| O|  |TAMS 0x0000000629c00000| PB 0x0000000629c00000| Untracked 
| 168|0x000000062a000000, 0x000000062a400000, 0x000000062a400000|100%| O|  |TAMS 0x000000062a000000| PB 0x000000062a000000| Untracked 
| 169|0x000000062a400000, 0x000000062a800000, 0x000000062a800000|100%| O|  |TAMS 0x000000062a400000| PB 0x000000062a400000| Untracked 
| 170|0x000000062a800000, 0x000000062ac00000, 0x000000062ac00000|100%| O|  |TAMS 0x000000062a800000| PB 0x000000062a800000| Untracked 
| 171|0x000000062ac00000, 0x000000062b000000, 0x000000062b000000|100%| O|  |TAMS 0x000000062ac00000| PB 0x000000062ac00000| Untracked 
| 172|0x000000062b000000, 0x000000062b400000, 0x000000062b400000|100%| O|  |TAMS 0x000000062b000000| PB 0x000000062b000000| Untracked 
| 173|0x000000062b400000, 0x000000062b800000, 0x000000062b800000|100%| O|  |TAMS 0x000000062b400000| PB 0x000000062b400000| Untracked 
| 174|0x000000062b800000, 0x000000062bc00000, 0x000000062bc00000|100%| O|  |TAMS 0x000000062b800000| PB 0x000000062b800000| Untracked 
| 175|0x000000062bc00000, 0x000000062c000000, 0x000000062c000000|100%| O|  |TAMS 0x000000062bc00000| PB 0x000000062bc00000| Untracked 
| 176|0x000000062c000000, 0x000000062c400000, 0x000000062c400000|100%| O|  |TAMS 0x000000062c000000| PB 0x000000062c000000| Untracked 
| 177|0x000000062c400000, 0x000000062c800000, 0x000000062c800000|100%| O|  |TAMS 0x000000062c400000| PB 0x000000062c400000| Untracked 
| 178|0x000000062c800000, 0x000000062cc00000, 0x000000062cc00000|100%| O|  |TAMS 0x000000062c800000| PB 0x000000062c800000| Untracked 
| 179|0x000000062cc00000, 0x000000062d000000, 0x000000062d000000|100%| O|  |TAMS 0x000000062cc00000| PB 0x000000062cc00000| Untracked 
| 180|0x000000062d000000, 0x000000062d400000, 0x000000062d400000|100%| O|  |TAMS 0x000000062d000000| PB 0x000000062d000000| Untracked 
| 181|0x000000062d400000, 0x000000062d800000, 0x000000062d800000|100%| O|  |TAMS 0x000000062d400000| PB 0x000000062d400000| Untracked 
| 182|0x000000062d800000, 0x000000062dc00000, 0x000000062dc00000|100%| O|  |TAMS 0x000000062d800000| PB 0x000000062d800000| Untracked 
| 183|0x000000062dc00000, 0x000000062e000000, 0x000000062e000000|100%| O|  |TAMS 0x000000062dc00000| PB 0x000000062dc00000| Untracked 
| 184|0x000000062e000000, 0x000000062e400000, 0x000000062e400000|100%| O|  |TAMS 0x000000062e000000| PB 0x000000062e000000| Untracked 
| 185|0x000000062e400000, 0x000000062e800000, 0x000000062e800000|100%| O|  |TAMS 0x000000062e400000| PB 0x000000062e400000| Untracked 
| 186|0x000000062e800000, 0x000000062ec00000, 0x000000062ec00000|100%| O|  |TAMS 0x000000062e800000| PB 0x000000062e800000| Untracked 
| 187|0x000000062ec00000, 0x000000062f000000, 0x000000062f000000|100%| O|  |TAMS 0x000000062ec00000| PB 0x000000062ec00000| Untracked 
| 188|0x000000062f000000, 0x000000062f400000, 0x000000062f400000|100%| O|  |TAMS 0x000000062f000000| PB 0x000000062f000000| Untracked 
| 189|0x000000062f400000, 0x000000062f800000, 0x000000062f800000|100%| O|  |TAMS 0x000000062f400000| PB 0x000000062f400000| Untracked 
| 190|0x000000062f800000, 0x000000062fc00000, 0x000000062fc00000|100%| O|  |TAMS 0x000000062f800000| PB 0x000000062f800000| Untracked 
| 191|0x000000062fc00000, 0x0000000630000000, 0x0000000630000000|100%| O|  |TAMS 0x000000062fc00000| PB 0x000000062fc00000| Untracked 
| 192|0x0000000630000000, 0x0000000630400000, 0x0000000630400000|100%| O|  |TAMS 0x0000000630000000| PB 0x0000000630000000| Untracked 
| 193|0x0000000630400000, 0x0000000630800000, 0x0000000630800000|100%| O|  |TAMS 0x0000000630400000| PB 0x0000000630400000| Untracked 
| 194|0x0000000630800000, 0x0000000630c00000, 0x0000000630c00000|100%| O|  |TAMS 0x0000000630800000| PB 0x0000000630800000| Untracked 
| 195|0x0000000630c00000, 0x0000000631000000, 0x0000000631000000|100%| O|  |TAMS 0x0000000630c00000| PB 0x0000000630c00000| Untracked 
| 196|0x0000000631000000, 0x0000000631400000, 0x0000000631400000|100%| O|  |TAMS 0x0000000631000000| PB 0x0000000631000000| Untracked 
| 197|0x0000000631400000, 0x0000000631800000, 0x0000000631800000|100%| O|  |TAMS 0x0000000631400000| PB 0x0000000631400000| Untracked 
| 198|0x0000000631800000, 0x0000000631c00000, 0x0000000631c00000|100%| O|  |TAMS 0x0000000631800000| PB 0x0000000631800000| Untracked 
| 199|0x0000000631c00000, 0x0000000632000000, 0x0000000632000000|100%| O|  |TAMS 0x0000000631c00000| PB 0x0000000631c00000| Untracked 
| 200|0x0000000632000000, 0x0000000632400000, 0x0000000632400000|100%| O|  |TAMS 0x0000000632000000| PB 0x0000000632000000| Untracked 
| 201|0x0000000632400000, 0x0000000632800000, 0x0000000632800000|100%| O|  |TAMS 0x0000000632400000| PB 0x0000000632400000| Untracked 
| 202|0x0000000632800000, 0x0000000632c00000, 0x0000000632c00000|100%| O|  |TAMS 0x0000000632800000| PB 0x0000000632800000| Untracked 
| 203|0x0000000632c00000, 0x0000000633000000, 0x0000000633000000|100%|HS|  |TAMS 0x0000000632c00000| PB 0x0000000632c00000| Complete 
| 204|0x0000000633000000, 0x0000000633400000, 0x0000000633400000|100%| O|  |TAMS 0x0000000633000000| PB 0x0000000633000000| Untracked 
| 205|0x0000000633400000, 0x0000000633800000, 0x0000000633800000|100%| O|  |TAMS 0x0000000633400000| PB 0x0000000633400000| Untracked 
| 206|0x0000000633800000, 0x0000000633c00000, 0x0000000633c00000|100%| O|  |TAMS 0x0000000633800000| PB 0x0000000633800000| Untracked 
| 207|0x0000000633c00000, 0x0000000634000000, 0x0000000634000000|100%| O|  |TAMS 0x0000000633c00000| PB 0x0000000633c00000| Untracked 
| 208|0x0000000634000000, 0x0000000634400000, 0x0000000634400000|100%| O|  |TAMS 0x0000000634000000| PB 0x0000000634000000| Untracked 
| 209|0x0000000634400000, 0x0000000634800000, 0x0000000634800000|100%| O|  |TAMS 0x0000000634400000| PB 0x0000000634400000| Untracked 
| 210|0x0000000634800000, 0x0000000634c00000, 0x0000000634c00000|100%| O|  |TAMS 0x0000000634800000| PB 0x0000000634800000| Untracked 
| 211|0x0000000634c00000, 0x0000000635000000, 0x0000000635000000|100%| O|  |TAMS 0x0000000634c00000| PB 0x0000000634c00000| Untracked 
| 212|0x0000000635000000, 0x0000000635400000, 0x0000000635400000|100%| O|  |TAMS 0x0000000635000000| PB 0x0000000635000000| Untracked 
| 213|0x0000000635400000, 0x0000000635800000, 0x0000000635800000|100%| O|  |TAMS 0x0000000635400000| PB 0x0000000635400000| Untracked 
| 214|0x0000000635800000, 0x0000000635c00000, 0x0000000635c00000|100%| O|  |TAMS 0x0000000635800000| PB 0x0000000635800000| Untracked 
| 215|0x0000000635c00000, 0x0000000636000000, 0x0000000636000000|100%| O|  |TAMS 0x0000000635c00000| PB 0x0000000635c00000| Untracked 
| 216|0x0000000636000000, 0x0000000636400000, 0x0000000636400000|100%| O|  |TAMS 0x0000000636000000| PB 0x0000000636000000| Untracked 
| 217|0x0000000636400000, 0x0000000636800000, 0x0000000636800000|100%| O|  |TAMS 0x0000000636400000| PB 0x0000000636400000| Untracked 
| 218|0x0000000636800000, 0x0000000636c00000, 0x0000000636c00000|100%| O|  |TAMS 0x0000000636800000| PB 0x0000000636800000| Untracked 
| 219|0x0000000636c00000, 0x0000000637000000, 0x0000000637000000|100%| O|  |TAMS 0x0000000636c00000| PB 0x0000000636c00000| Untracked 
| 220|0x0000000637000000, 0x0000000637400000, 0x0000000637400000|100%| O|  |TAMS 0x0000000637000000| PB 0x0000000637000000| Untracked 
| 221|0x0000000637400000, 0x0000000637800000, 0x0000000637800000|100%| O|  |TAMS 0x0000000637400000| PB 0x0000000637400000| Untracked 
| 222|0x0000000637800000, 0x0000000637c00000, 0x0000000637c00000|100%| O|  |TAMS 0x0000000637800000| PB 0x0000000637800000| Untracked 
| 223|0x0000000637c00000, 0x0000000638000000, 0x0000000638000000|100%| O|  |TAMS 0x0000000637c00000| PB 0x0000000637c00000| Untracked 
| 224|0x0000000638000000, 0x0000000638400000, 0x0000000638400000|100%| O|  |TAMS 0x0000000638000000| PB 0x0000000638000000| Untracked 
| 225|0x0000000638400000, 0x0000000638800000, 0x0000000638800000|100%| O|  |TAMS 0x0000000638400000| PB 0x0000000638400000| Untracked 
| 226|0x0000000638800000, 0x0000000638c00000, 0x0000000638c00000|100%| O|  |TAMS 0x0000000638800000| PB 0x0000000638800000| Untracked 
| 227|0x0000000638c00000, 0x0000000639000000, 0x0000000639000000|100%| O|  |TAMS 0x0000000638c00000| PB 0x0000000638c00000| Untracked 
| 228|0x0000000639000000, 0x0000000639400000, 0x0000000639400000|100%| O|  |TAMS 0x0000000639000000| PB 0x0000000639000000| Untracked 
| 229|0x0000000639400000, 0x0000000639800000, 0x0000000639800000|100%| O|  |TAMS 0x0000000639400000| PB 0x0000000639400000| Untracked 
| 230|0x0000000639800000, 0x0000000639c00000, 0x0000000639c00000|100%| O|  |TAMS 0x0000000639800000| PB 0x0000000639800000| Untracked 
| 231|0x0000000639c00000, 0x000000063a000000, 0x000000063a000000|100%|HS|  |TAMS 0x0000000639c00000| PB 0x0000000639c00000| Complete 
| 232|0x000000063a000000, 0x000000063a400000, 0x000000063a400000|100%|HC|  |TAMS 0x000000063a000000| PB 0x000000063a000000| Complete 
| 233|0x000000063a400000, 0x000000063a800000, 0x000000063a800000|100%| O|  |TAMS 0x000000063a400000| PB 0x000000063a400000| Untracked 
| 234|0x000000063a800000, 0x000000063ac00000, 0x000000063ac00000|100%| O|  |TAMS 0x000000063a800000| PB 0x000000063a800000| Untracked 
| 235|0x000000063ac00000, 0x000000063b000000, 0x000000063b000000|100%| O|  |TAMS 0x000000063ac00000| PB 0x000000063ac00000| Untracked 
| 236|0x000000063b000000, 0x000000063b400000, 0x000000063b400000|100%| O|  |TAMS 0x000000063b000000| PB 0x000000063b000000| Untracked 
| 237|0x000000063b400000, 0x000000063b800000, 0x000000063b800000|100%| O|  |TAMS 0x000000063b400000| PB 0x000000063b400000| Untracked 
| 238|0x000000063b800000, 0x000000063bc00000, 0x000000063bc00000|100%| O|  |TAMS 0x000000063b800000| PB 0x000000063b800000| Untracked 
| 239|0x000000063bc00000, 0x000000063c000000, 0x000000063c000000|100%| O|  |TAMS 0x000000063bc00000| PB 0x000000063bc00000| Untracked 
| 240|0x000000063c000000, 0x000000063c400000, 0x000000063c400000|100%| O|  |TAMS 0x000000063c000000| PB 0x000000063c000000| Untracked 
| 241|0x000000063c400000, 0x000000063c800000, 0x000000063c800000|100%| O|  |TAMS 0x000000063c400000| PB 0x000000063c400000| Untracked 
| 242|0x000000063c800000, 0x000000063cc00000, 0x000000063cc00000|100%| O|  |TAMS 0x000000063c800000| PB 0x000000063c800000| Untracked 
| 243|0x000000063cc00000, 0x000000063d000000, 0x000000063d000000|100%| O|  |TAMS 0x000000063cc00000| PB 0x000000063cc00000| Untracked 
| 244|0x000000063d000000, 0x000000063d400000, 0x000000063d400000|100%| O|  |TAMS 0x000000063d000000| PB 0x000000063d000000| Untracked 
| 245|0x000000063d400000, 0x000000063d800000, 0x000000063d800000|100%| O|  |TAMS 0x000000063d400000| PB 0x000000063d400000| Untracked 
| 246|0x000000063d800000, 0x000000063dc00000, 0x000000063dc00000|100%| O|  |TAMS 0x000000063d800000| PB 0x000000063d800000| Untracked 
| 247|0x000000063dc00000, 0x000000063e000000, 0x000000063e000000|100%| O|  |TAMS 0x000000063dc00000| PB 0x000000063dc00000| Untracked 
| 248|0x000000063e000000, 0x000000063e400000, 0x000000063e400000|100%| O|  |TAMS 0x000000063e000000| PB 0x000000063e000000| Untracked 
| 249|0x000000063e400000, 0x000000063e800000, 0x000000063e800000|100%| O|  |TAMS 0x000000063e400000| PB 0x000000063e400000| Untracked 
| 250|0x000000063e800000, 0x000000063ec00000, 0x000000063ec00000|100%| O|  |TAMS 0x000000063e800000| PB 0x000000063e800000| Untracked 
| 251|0x000000063ec00000, 0x000000063f000000, 0x000000063f000000|100%| O|  |TAMS 0x000000063ec00000| PB 0x000000063ec00000| Untracked 
| 252|0x000000063f000000, 0x000000063f400000, 0x000000063f400000|100%| O|  |TAMS 0x000000063f000000| PB 0x000000063f000000| Untracked 
| 253|0x000000063f400000, 0x000000063f800000, 0x000000063f800000|100%| O|  |TAMS 0x000000063f400000| PB 0x000000063f400000| Untracked 
| 254|0x000000063f800000, 0x000000063fc00000, 0x000000063fc00000|100%| O|  |TAMS 0x000000063f800000| PB 0x000000063f800000| Untracked 
| 255|0x000000063fc00000, 0x0000000640000000, 0x0000000640000000|100%| O|  |TAMS 0x000000063fc00000| PB 0x000000063fc00000| Untracked 
| 256|0x0000000640000000, 0x0000000640400000, 0x0000000640400000|100%| O|  |TAMS 0x0000000640000000| PB 0x0000000640000000| Untracked 
| 257|0x0000000640400000, 0x0000000640800000, 0x0000000640800000|100%| O|  |TAMS 0x0000000640400000| PB 0x0000000640400000| Untracked 
| 258|0x0000000640800000, 0x0000000640c00000, 0x0000000640c00000|100%| O|  |TAMS 0x0000000640800000| PB 0x0000000640800000| Untracked 
| 259|0x0000000640c00000, 0x0000000641000000, 0x0000000641000000|100%| O|  |TAMS 0x0000000640c00000| PB 0x0000000640c00000| Untracked 
| 260|0x0000000641000000, 0x0000000641400000, 0x0000000641400000|100%| O|  |TAMS 0x0000000641000000| PB 0x0000000641000000| Untracked 
| 261|0x0000000641400000, 0x0000000641800000, 0x0000000641800000|100%| O|  |TAMS 0x0000000641400000| PB 0x0000000641400000| Untracked 
| 262|0x0000000641800000, 0x0000000641c00000, 0x0000000641c00000|100%| O|  |TAMS 0x0000000641800000| PB 0x0000000641800000| Untracked 
| 263|0x0000000641c00000, 0x0000000642000000, 0x0000000642000000|100%| O|  |TAMS 0x0000000641c00000| PB 0x0000000641c00000| Untracked 
| 264|0x0000000642000000, 0x0000000642400000, 0x0000000642400000|100%| O|  |TAMS 0x0000000642000000| PB 0x0000000642000000| Untracked 
| 265|0x0000000642400000, 0x0000000642800000, 0x0000000642800000|100%| O|  |TAMS 0x0000000642400000| PB 0x0000000642400000| Untracked 
| 266|0x0000000642800000, 0x0000000642c00000, 0x0000000642c00000|100%| O|  |TAMS 0x0000000642800000| PB 0x0000000642800000| Untracked 
| 267|0x0000000642c00000, 0x0000000643000000, 0x0000000643000000|100%| O|  |TAMS 0x0000000642c00000| PB 0x0000000642c00000| Untracked 
| 268|0x0000000643000000, 0x0000000643400000, 0x0000000643400000|100%| O|  |TAMS 0x0000000643000000| PB 0x0000000643000000| Untracked 
| 269|0x0000000643400000, 0x0000000643800000, 0x0000000643800000|100%| O|  |TAMS 0x0000000643400000| PB 0x0000000643400000| Untracked 
| 270|0x0000000643800000, 0x0000000643c00000, 0x0000000643c00000|100%| O|  |TAMS 0x0000000643800000| PB 0x0000000643800000| Untracked 
| 271|0x0000000643c00000, 0x0000000644000000, 0x0000000644000000|100%| O|  |TAMS 0x0000000643c00000| PB 0x0000000643c00000| Untracked 
| 272|0x0000000644000000, 0x0000000644400000, 0x0000000644400000|100%| O|  |TAMS 0x0000000644000000| PB 0x0000000644000000| Untracked 
| 273|0x0000000644400000, 0x0000000644800000, 0x0000000644800000|100%| O|  |TAMS 0x0000000644400000| PB 0x0000000644400000| Untracked 
| 274|0x0000000644800000, 0x0000000644c00000, 0x0000000644c00000|100%| O|  |TAMS 0x0000000644800000| PB 0x0000000644800000| Untracked 
| 275|0x0000000644c00000, 0x0000000645000000, 0x0000000645000000|100%| O|  |TAMS 0x0000000644c00000| PB 0x0000000644c00000| Untracked 
| 276|0x0000000645000000, 0x0000000645400000, 0x0000000645400000|100%| O|  |TAMS 0x0000000645000000| PB 0x0000000645000000| Untracked 
| 277|0x0000000645400000, 0x0000000645800000, 0x0000000645800000|100%| O|  |TAMS 0x0000000645400000| PB 0x0000000645400000| Untracked 
| 278|0x0000000645800000, 0x0000000645c00000, 0x0000000645c00000|100%| O|  |TAMS 0x0000000645800000| PB 0x0000000645800000| Untracked 
| 279|0x0000000645c00000, 0x0000000646000000, 0x0000000646000000|100%| O|  |TAMS 0x0000000645c00000| PB 0x0000000645c00000| Untracked 
| 280|0x0000000646000000, 0x0000000646400000, 0x0000000646400000|100%| O|  |TAMS 0x0000000646000000| PB 0x0000000646000000| Untracked 
| 281|0x0000000646400000, 0x0000000646800000, 0x0000000646800000|100%| O|  |TAMS 0x0000000646400000| PB 0x0000000646400000| Untracked 
| 282|0x0000000646800000, 0x0000000646c00000, 0x0000000646c00000|100%| O|  |TAMS 0x0000000646800000| PB 0x0000000646800000| Untracked 
| 283|0x0000000646c00000, 0x0000000647000000, 0x0000000647000000|100%| O|  |TAMS 0x0000000646c00000| PB 0x0000000646c00000| Untracked 
| 284|0x0000000647000000, 0x0000000647400000, 0x0000000647400000|100%| O|  |TAMS 0x0000000647000000| PB 0x0000000647000000| Untracked 
| 285|0x0000000647400000, 0x0000000647800000, 0x0000000647800000|100%| O|  |TAMS 0x0000000647400000| PB 0x0000000647400000| Untracked 
| 286|0x0000000647800000, 0x0000000647c00000, 0x0000000647c00000|100%| O|  |TAMS 0x0000000647800000| PB 0x0000000647800000| Untracked 
| 287|0x0000000647c00000, 0x0000000648000000, 0x0000000648000000|100%| O|  |TAMS 0x0000000647c00000| PB 0x0000000647c00000| Untracked 
| 288|0x0000000648000000, 0x0000000648400000, 0x0000000648400000|100%| O|  |TAMS 0x0000000648000000| PB 0x0000000648000000| Untracked 
| 289|0x0000000648400000, 0x0000000648800000, 0x0000000648800000|100%| O|  |TAMS 0x0000000648400000| PB 0x0000000648400000| Untracked 
| 290|0x0000000648800000, 0x0000000648c00000, 0x0000000648c00000|100%| O|  |TAMS 0x0000000648800000| PB 0x0000000648800000| Untracked 
| 291|0x0000000648c00000, 0x0000000649000000, 0x0000000649000000|100%| O|  |TAMS 0x0000000648c00000| PB 0x0000000648c00000| Untracked 
| 292|0x0000000649000000, 0x0000000649400000, 0x0000000649400000|100%| O|  |TAMS 0x0000000649000000| PB 0x0000000649000000| Untracked 
| 293|0x0000000649400000, 0x0000000649800000, 0x0000000649800000|100%| O|  |TAMS 0x0000000649400000| PB 0x0000000649400000| Untracked 
| 294|0x0000000649800000, 0x0000000649c00000, 0x0000000649c00000|100%| O|  |TAMS 0x0000000649800000| PB 0x0000000649800000| Untracked 
| 295|0x0000000649c00000, 0x000000064a000000, 0x000000064a000000|100%| O|  |TAMS 0x0000000649c00000| PB 0x0000000649c00000| Untracked 
| 296|0x000000064a000000, 0x000000064a400000, 0x000000064a400000|100%| O|  |TAMS 0x000000064a000000| PB 0x000000064a000000| Untracked 
| 297|0x000000064a400000, 0x000000064a800000, 0x000000064a800000|100%| O|Cm|TAMS 0x000000064a400000| PB 0x000000064a400000| Complete 
| 298|0x000000064a800000, 0x000000064ac00000, 0x000000064ac00000|100%| O|  |TAMS 0x000000064a800000| PB 0x000000064a800000| Untracked 
| 299|0x000000064ac00000, 0x000000064b000000, 0x000000064b000000|100%| O|  |TAMS 0x000000064ac00000| PB 0x000000064ac00000| Untracked 
| 300|0x000000064b000000, 0x000000064b400000, 0x000000064b400000|100%| O|  |TAMS 0x000000064b000000| PB 0x000000064b000000| Untracked 
| 301|0x000000064b400000, 0x000000064b800000, 0x000000064b800000|100%| O|  |TAMS 0x000000064b400000| PB 0x000000064b400000| Untracked 
| 302|0x000000064b800000, 0x000000064bc00000, 0x000000064bc00000|100%| O|  |TAMS 0x000000064b800000| PB 0x000000064b800000| Untracked 
| 303|0x000000064bc00000, 0x000000064c000000, 0x000000064c000000|100%| O|  |TAMS 0x000000064bc00000| PB 0x000000064bc00000| Untracked 
| 304|0x000000064c000000, 0x000000064c400000, 0x000000064c400000|100%| O|  |TAMS 0x000000064c000000| PB 0x000000064c000000| Untracked 
| 305|0x000000064c400000, 0x000000064c800000, 0x000000064c800000|100%| O|  |TAMS 0x000000064c400000| PB 0x000000064c400000| Untracked 
| 306|0x000000064c800000, 0x000000064cc00000, 0x000000064cc00000|100%| O|  |TAMS 0x000000064c800000| PB 0x000000064c800000| Untracked 
| 307|0x000000064cc00000, 0x000000064d000000, 0x000000064d000000|100%| O|  |TAMS 0x000000064cc00000| PB 0x000000064cc00000| Untracked 
| 308|0x000000064d000000, 0x000000064d400000, 0x000000064d400000|100%| O|  |TAMS 0x000000064d000000| PB 0x000000064d000000| Untracked 
| 309|0x000000064d400000, 0x000000064d800000, 0x000000064d800000|100%| O|  |TAMS 0x000000064d400000| PB 0x000000064d400000| Untracked 
| 310|0x000000064d800000, 0x000000064dc00000, 0x000000064dc00000|100%| O|  |TAMS 0x000000064d800000| PB 0x000000064d800000| Untracked 
| 311|0x000000064dc00000, 0x000000064e000000, 0x000000064e000000|100%| O|  |TAMS 0x000000064dc00000| PB 0x000000064dc00000| Untracked 
| 312|0x000000064e000000, 0x000000064e400000, 0x000000064e400000|100%| O|  |TAMS 0x000000064e000000| PB 0x000000064e000000| Untracked 
| 313|0x000000064e400000, 0x000000064e800000, 0x000000064e800000|100%| O|  |TAMS 0x000000064e400000| PB 0x000000064e400000| Untracked 
| 314|0x000000064e800000, 0x000000064ec00000, 0x000000064ec00000|100%| O|  |TAMS 0x000000064e800000| PB 0x000000064e800000| Untracked 
| 315|0x000000064ec00000, 0x000000064f000000, 0x000000064f000000|100%| O|  |TAMS 0x000000064ec00000| PB 0x000000064ec00000| Untracked 
| 316|0x000000064f000000, 0x000000064f400000, 0x000000064f400000|100%| O|  |TAMS 0x000000064f000000| PB 0x000000064f000000| Untracked 
| 317|0x000000064f400000, 0x000000064f800000, 0x000000064f800000|100%| O|  |TAMS 0x000000064f400000| PB 0x000000064f400000| Untracked 
| 318|0x000000064f800000, 0x000000064fc00000, 0x000000064fc00000|100%| O|  |TAMS 0x000000064f800000| PB 0x000000064f800000| Untracked 
| 319|0x000000064fc00000, 0x0000000650000000, 0x0000000650000000|100%| O|  |TAMS 0x000000064fc00000| PB 0x000000064fc00000| Untracked 
| 320|0x0000000650000000, 0x0000000650400000, 0x0000000650400000|100%| O|Cm|TAMS 0x0000000650000000| PB 0x0000000650000000| Complete 
| 321|0x0000000650400000, 0x0000000650800000, 0x0000000650800000|100%| O|  |TAMS 0x0000000650400000| PB 0x0000000650400000| Untracked 
| 322|0x0000000650800000, 0x0000000650c00000, 0x0000000650c00000|100%| O|  |TAMS 0x0000000650800000| PB 0x0000000650800000| Untracked 
| 323|0x0000000650c00000, 0x0000000651000000, 0x0000000651000000|100%| O|  |TAMS 0x0000000650c00000| PB 0x0000000650c00000| Untracked 
| 324|0x0000000651000000, 0x0000000651400000, 0x0000000651400000|100%| O|  |TAMS 0x0000000651000000| PB 0x0000000651000000| Untracked 
| 325|0x0000000651400000, 0x0000000651800000, 0x0000000651800000|100%| O|  |TAMS 0x0000000651400000| PB 0x0000000651400000| Untracked 
| 326|0x0000000651800000, 0x0000000651c00000, 0x0000000651c00000|100%| O|  |TAMS 0x0000000651800000| PB 0x0000000651800000| Untracked 
| 327|0x0000000651c00000, 0x0000000652000000, 0x0000000652000000|100%|HS|  |TAMS 0x0000000651c00000| PB 0x0000000651c00000| Complete 
| 328|0x0000000652000000, 0x0000000652400000, 0x0000000652400000|100%| O|  |TAMS 0x0000000652000000| PB 0x0000000652000000| Untracked 
| 329|0x0000000652400000, 0x0000000652800000, 0x0000000652800000|100%| O|  |TAMS 0x0000000652400000| PB 0x0000000652400000| Untracked 
| 330|0x0000000652800000, 0x0000000652c00000, 0x0000000652c00000|100%| O|  |TAMS 0x0000000652800000| PB 0x0000000652800000| Untracked 
| 331|0x0000000652c00000, 0x0000000653000000, 0x0000000653000000|100%| O|  |TAMS 0x0000000652c00000| PB 0x0000000652c00000| Untracked 
| 332|0x0000000653000000, 0x0000000653400000, 0x0000000653400000|100%| O|  |TAMS 0x0000000653000000| PB 0x0000000653000000| Untracked 
| 333|0x0000000653400000, 0x0000000653800000, 0x0000000653800000|100%|HS|  |TAMS 0x0000000653400000| PB 0x0000000653400000| Complete 
| 334|0x0000000653800000, 0x0000000653c00000, 0x0000000653c00000|100%|HC|  |TAMS 0x0000000653800000| PB 0x0000000653800000| Complete 
| 335|0x0000000653c00000, 0x0000000654000000, 0x0000000654000000|100%|HS|  |TAMS 0x0000000653c00000| PB 0x0000000653c00000| Complete 
| 336|0x0000000654000000, 0x0000000654400000, 0x0000000654400000|100%|HC|  |TAMS 0x0000000654000000| PB 0x0000000654000000| Complete 
| 337|0x0000000654400000, 0x0000000654800000, 0x0000000654800000|100%| O|  |TAMS 0x0000000654400000| PB 0x0000000654400000| Untracked 
| 338|0x0000000654800000, 0x0000000654c00000, 0x0000000654c00000|100%| O|  |TAMS 0x0000000654800000| PB 0x0000000654800000| Untracked 
| 339|0x0000000654c00000, 0x0000000655000000, 0x0000000655000000|100%| O|  |TAMS 0x0000000654c00000| PB 0x0000000654c00000| Untracked 
| 340|0x0000000655000000, 0x0000000655400000, 0x0000000655400000|100%|HS|  |TAMS 0x0000000655000000| PB 0x0000000655000000| Complete 
| 341|0x0000000655400000, 0x0000000655800000, 0x0000000655800000|100%|HS|  |TAMS 0x0000000655400000| PB 0x0000000655400000| Complete 
| 342|0x0000000655800000, 0x0000000655c00000, 0x0000000655c00000|100%| O|  |TAMS 0x0000000655800000| PB 0x0000000655800000| Untracked 
| 343|0x0000000655c00000, 0x0000000656000000, 0x0000000656000000|100%| O|  |TAMS 0x0000000655c00000| PB 0x0000000655c00000| Untracked 
| 344|0x0000000656000000, 0x0000000656400000, 0x0000000656400000|100%|HS|  |TAMS 0x0000000656000000| PB 0x0000000656000000| Complete 
| 345|0x0000000656400000, 0x0000000656800000, 0x0000000656800000|100%|HC|  |TAMS 0x0000000656400000| PB 0x0000000656400000| Complete 
| 346|0x0000000656800000, 0x0000000656c00000, 0x0000000656c00000|100%| O|  |TAMS 0x0000000656800000| PB 0x0000000656800000| Untracked 
| 347|0x0000000656c00000, 0x0000000657000000, 0x0000000657000000|100%| O|  |TAMS 0x0000000656c00000| PB 0x0000000656c00000| Untracked 
| 348|0x0000000657000000, 0x0000000657400000, 0x0000000657400000|100%| O|  |TAMS 0x0000000657000000| PB 0x0000000657000000| Untracked 
| 349|0x0000000657400000, 0x0000000657800000, 0x0000000657800000|100%| O|  |TAMS 0x0000000657400000| PB 0x0000000657400000| Untracked 
| 350|0x0000000657800000, 0x0000000657c00000, 0x0000000657c00000|100%| O|  |TAMS 0x0000000657800000| PB 0x0000000657800000| Untracked 
| 351|0x0000000657c00000, 0x0000000658000000, 0x0000000658000000|100%| O|  |TAMS 0x0000000657c00000| PB 0x0000000657c00000| Untracked 
| 352|0x0000000658000000, 0x0000000658400000, 0x0000000658400000|100%| O|  |TAMS 0x0000000658000000| PB 0x0000000658000000| Untracked 
| 353|0x0000000658400000, 0x0000000658800000, 0x0000000658800000|100%| O|  |TAMS 0x0000000658400000| PB 0x0000000658400000| Untracked 
| 354|0x0000000658800000, 0x0000000658c00000, 0x0000000658c00000|100%| O|  |TAMS 0x0000000658800000| PB 0x0000000658800000| Untracked 
| 355|0x0000000658c00000, 0x0000000659000000, 0x0000000659000000|100%| O|  |TAMS 0x0000000658c00000| PB 0x0000000658c00000| Untracked 
| 356|0x0000000659000000, 0x0000000659400000, 0x0000000659400000|100%| O|  |TAMS 0x0000000659000000| PB 0x0000000659000000| Untracked 
| 357|0x0000000659400000, 0x0000000659800000, 0x0000000659800000|100%| O|  |TAMS 0x0000000659400000| PB 0x0000000659400000| Untracked 
| 358|0x0000000659800000, 0x00000006598a4048, 0x0000000659c00000| 16%| O|  |TAMS 0x0000000659800000| PB 0x0000000659800000| Untracked 
| 359|0x0000000659c00000, 0x000000065a000000, 0x000000065a000000|100%| O|  |TAMS 0x0000000659c00000| PB 0x0000000659c00000| Untracked 
| 360|0x000000065a000000, 0x000000065a400000, 0x000000065a400000|100%| O|  |TAMS 0x000000065a000000| PB 0x000000065a000000| Untracked 
| 361|0x000000065a400000, 0x000000065a800000, 0x000000065a800000|100%| O|  |TAMS 0x000000065a400000| PB 0x000000065a400000| Untracked 
| 362|0x000000065a800000, 0x000000065ac00000, 0x000000065ac00000|100%| O|  |TAMS 0x000000065a800000| PB 0x000000065a800000| Untracked 
| 363|0x000000065ac00000, 0x000000065b000000, 0x000000065b000000|100%| O|  |TAMS 0x000000065ac00000| PB 0x000000065ac00000| Untracked 
| 364|0x000000065b000000, 0x000000065b400000, 0x000000065b400000|100%| O|  |TAMS 0x000000065b000000| PB 0x000000065b000000| Untracked 
| 365|0x000000065b400000, 0x000000065b800000, 0x000000065b800000|100%| O|  |TAMS 0x000000065b400000| PB 0x000000065b400000| Untracked 
| 366|0x000000065b800000, 0x000000065bc00000, 0x000000065bc00000|100%| O|  |TAMS 0x000000065b800000| PB 0x000000065b800000| Untracked 
| 367|0x000000065bc00000, 0x000000065c000000, 0x000000065c000000|100%| O|  |TAMS 0x000000065bc00000| PB 0x000000065bc00000| Untracked 
| 368|0x000000065c000000, 0x000000065c000000, 0x000000065c400000|  0%| F|  |TAMS 0x000000065c000000| PB 0x000000065c000000| Untracked 
| 369|0x000000065c400000, 0x000000065c400000, 0x000000065c800000|  0%| F|  |TAMS 0x000000065c400000| PB 0x000000065c400000| Untracked 
| 370|0x000000065c800000, 0x000000065c800000, 0x000000065cc00000|  0%| F|  |TAMS 0x000000065c800000| PB 0x000000065c800000| Untracked 
| 371|0x000000065cc00000, 0x000000065cc00000, 0x000000065d000000|  0%| F|  |TAMS 0x000000065cc00000| PB 0x000000065cc00000| Untracked 
| 372|0x000000065d000000, 0x000000065d400000, 0x000000065d400000|100%| O|  |TAMS 0x000000065d000000| PB 0x000000065d000000| Untracked 
| 373|0x000000065d400000, 0x000000065d800000, 0x000000065d800000|100%| O|  |TAMS 0x000000065d400000| PB 0x000000065d400000| Untracked 
| 374|0x000000065d800000, 0x000000065d800000, 0x000000065dc00000|  0%| F|  |TAMS 0x000000065d800000| PB 0x000000065d800000| Untracked 
| 375|0x000000065dc00000, 0x000000065e000000, 0x000000065e000000|100%| O|  |TAMS 0x000000065dc00000| PB 0x000000065dc00000| Untracked 
| 376|0x000000065e000000, 0x000000065e400000, 0x000000065e400000|100%| O|  |TAMS 0x000000065e000000| PB 0x000000065e000000| Untracked 
| 377|0x000000065e400000, 0x000000065e800000, 0x000000065e800000|100%| O|  |TAMS 0x000000065e400000| PB 0x000000065e400000| Untracked 
| 378|0x000000065e800000, 0x000000065ec00000, 0x000000065ec00000|100%| O|  |TAMS 0x000000065e800000| PB 0x000000065e800000| Untracked 
| 379|0x000000065ec00000, 0x000000065f000000, 0x000000065f000000|100%| O|  |TAMS 0x000000065ec00000| PB 0x000000065ec00000| Untracked 
| 380|0x000000065f000000, 0x000000065f400000, 0x000000065f400000|100%| O|  |TAMS 0x000000065f000000| PB 0x000000065f000000| Untracked 
| 381|0x000000065f400000, 0x000000065f800000, 0x000000065f800000|100%| O|  |TAMS 0x000000065f400000| PB 0x000000065f400000| Untracked 
| 382|0x000000065f800000, 0x000000065f800000, 0x000000065fc00000|  0%| F|  |TAMS 0x000000065f800000| PB 0x000000065f800000| Untracked 
| 383|0x000000065fc00000, 0x000000065fc00000, 0x0000000660000000|  0%| F|  |TAMS 0x000000065fc00000| PB 0x000000065fc00000| Untracked 
| 384|0x0000000660000000, 0x0000000660000000, 0x0000000660400000|  0%| F|  |TAMS 0x0000000660000000| PB 0x0000000660000000| Untracked 
| 385|0x0000000660400000, 0x0000000660400000, 0x0000000660800000|  0%| F|  |TAMS 0x0000000660400000| PB 0x0000000660400000| Untracked 
| 386|0x0000000660800000, 0x0000000660c00000, 0x0000000660c00000|100%| O|  |TAMS 0x0000000660800000| PB 0x0000000660800000| Untracked 
| 387|0x0000000660c00000, 0x0000000661000000, 0x0000000661000000|100%| O|  |TAMS 0x0000000660c00000| PB 0x0000000660c00000| Untracked 
| 388|0x0000000661000000, 0x0000000661400000, 0x0000000661400000|100%| O|  |TAMS 0x0000000661000000| PB 0x0000000661000000| Untracked 
| 389|0x0000000661400000, 0x0000000661400000, 0x0000000661800000|  0%| F|  |TAMS 0x0000000661400000| PB 0x0000000661400000| Untracked 
| 390|0x0000000661800000, 0x0000000661c00000, 0x0000000661c00000|100%| O|  |TAMS 0x0000000661800000| PB 0x0000000661800000| Untracked 
| 391|0x0000000661c00000, 0x0000000662000000, 0x0000000662000000|100%| O|  |TAMS 0x0000000661c00000| PB 0x0000000661c00000| Untracked 
| 392|0x0000000662000000, 0x0000000662400000, 0x0000000662400000|100%| O|  |TAMS 0x0000000662000000| PB 0x0000000662000000| Untracked 
| 393|0x0000000662400000, 0x0000000662800000, 0x0000000662800000|100%| O|  |TAMS 0x0000000662400000| PB 0x0000000662400000| Untracked 
| 394|0x0000000662800000, 0x0000000662c00000, 0x0000000662c00000|100%| O|  |TAMS 0x0000000662800000| PB 0x0000000662800000| Untracked 
| 395|0x0000000662c00000, 0x0000000663000000, 0x0000000663000000|100%| O|  |TAMS 0x0000000662c00000| PB 0x0000000662c00000| Untracked 
| 396|0x0000000663000000, 0x0000000663400000, 0x0000000663400000|100%| O|  |TAMS 0x0000000663000000| PB 0x0000000663000000| Untracked 
| 397|0x0000000663400000, 0x0000000663800000, 0x0000000663800000|100%| O|  |TAMS 0x0000000663400000| PB 0x0000000663400000| Untracked 
| 398|0x0000000663800000, 0x0000000663c00000, 0x0000000663c00000|100%| O|  |TAMS 0x0000000663800000| PB 0x0000000663800000| Untracked 
| 399|0x0000000663c00000, 0x0000000664000000, 0x0000000664000000|100%| O|  |TAMS 0x0000000663c00000| PB 0x0000000663c00000| Untracked 
| 400|0x0000000664000000, 0x0000000664000000, 0x0000000664400000|  0%| F|  |TAMS 0x0000000664000000| PB 0x0000000664000000| Untracked 
| 401|0x0000000664400000, 0x0000000664400000, 0x0000000664800000|  0%| F|  |TAMS 0x0000000664400000| PB 0x0000000664400000| Untracked 
| 402|0x0000000664800000, 0x0000000664800000, 0x0000000664c00000|  0%| F|  |TAMS 0x0000000664800000| PB 0x0000000664800000| Untracked 
| 403|0x0000000664c00000, 0x0000000664c00000, 0x0000000665000000|  0%| F|  |TAMS 0x0000000664c00000| PB 0x0000000664c00000| Untracked 
| 404|0x0000000665000000, 0x0000000665000000, 0x0000000665400000|  0%| F|  |TAMS 0x0000000665000000| PB 0x0000000665000000| Untracked 
| 405|0x0000000665400000, 0x0000000665400000, 0x0000000665800000|  0%| F|  |TAMS 0x0000000665400000| PB 0x0000000665400000| Untracked 
| 406|0x0000000665800000, 0x0000000665800000, 0x0000000665c00000|  0%| F|  |TAMS 0x0000000665800000| PB 0x0000000665800000| Untracked 
| 407|0x0000000665c00000, 0x0000000665c00000, 0x0000000666000000|  0%| F|  |TAMS 0x0000000665c00000| PB 0x0000000665c00000| Untracked 
| 408|0x0000000666000000, 0x0000000666000000, 0x0000000666400000|  0%| F|  |TAMS 0x0000000666000000| PB 0x0000000666000000| Untracked 
| 409|0x0000000666400000, 0x0000000666400000, 0x0000000666800000|  0%| F|  |TAMS 0x0000000666400000| PB 0x0000000666400000| Untracked 
| 410|0x0000000666800000, 0x0000000666800000, 0x0000000666c00000|  0%| F|  |TAMS 0x0000000666800000| PB 0x0000000666800000| Untracked 
| 411|0x0000000666c00000, 0x0000000666c00000, 0x0000000667000000|  0%| F|  |TAMS 0x0000000666c00000| PB 0x0000000666c00000| Untracked 
| 412|0x0000000667000000, 0x0000000667400000, 0x0000000667400000|100%| O|  |TAMS 0x0000000667000000| PB 0x0000000667000000| Untracked 
| 413|0x0000000667400000, 0x0000000667800000, 0x0000000667800000|100%| O|  |TAMS 0x0000000667400000| PB 0x0000000667400000| Untracked 
| 414|0x0000000667800000, 0x0000000667c00000, 0x0000000667c00000|100%| O|  |TAMS 0x0000000667800000| PB 0x0000000667800000| Untracked 
| 415|0x0000000667c00000, 0x0000000668000000, 0x0000000668000000|100%| O|  |TAMS 0x0000000667c00000| PB 0x0000000667c00000| Untracked 
| 416|0x0000000668000000, 0x0000000668400000, 0x0000000668400000|100%| O|  |TAMS 0x0000000668000000| PB 0x0000000668000000| Untracked 
| 417|0x0000000668400000, 0x0000000668800000, 0x0000000668800000|100%| O|  |TAMS 0x0000000668400000| PB 0x0000000668400000| Untracked 
| 418|0x0000000668800000, 0x0000000668c00000, 0x0000000668c00000|100%| O|  |TAMS 0x0000000668800000| PB 0x0000000668800000| Untracked 
| 419|0x0000000668c00000, 0x0000000669000000, 0x0000000669000000|100%| O|  |TAMS 0x0000000668c00000| PB 0x0000000668c00000| Untracked 
| 420|0x0000000669000000, 0x0000000669400000, 0x0000000669400000|100%| O|  |TAMS 0x0000000669000000| PB 0x0000000669000000| Untracked 
| 421|0x0000000669400000, 0x0000000669800000, 0x0000000669800000|100%| O|  |TAMS 0x0000000669400000| PB 0x0000000669400000| Untracked 
| 422|0x0000000669800000, 0x0000000669c00000, 0x0000000669c00000|100%| O|  |TAMS 0x0000000669800000| PB 0x0000000669800000| Untracked 
| 423|0x0000000669c00000, 0x000000066a000000, 0x000000066a000000|100%| O|  |TAMS 0x0000000669c00000| PB 0x0000000669c00000| Untracked 
| 424|0x000000066a000000, 0x000000066a400000, 0x000000066a400000|100%| O|  |TAMS 0x000000066a000000| PB 0x000000066a000000| Untracked 
| 425|0x000000066a400000, 0x000000066a800000, 0x000000066a800000|100%| O|  |TAMS 0x000000066a400000| PB 0x000000066a400000| Untracked 
| 426|0x000000066a800000, 0x000000066a800000, 0x000000066ac00000|  0%| F|  |TAMS 0x000000066a800000| PB 0x000000066a800000| Untracked 
| 427|0x000000066ac00000, 0x000000066ac00000, 0x000000066b000000|  0%| F|  |TAMS 0x000000066ac00000| PB 0x000000066ac00000| Untracked 
| 428|0x000000066b000000, 0x000000066b000000, 0x000000066b400000|  0%| F|  |TAMS 0x000000066b000000| PB 0x000000066b000000| Untracked 
| 429|0x000000066b400000, 0x000000066b800000, 0x000000066b800000|100%| O|  |TAMS 0x000000066b400000| PB 0x000000066b400000| Untracked 
| 430|0x000000066b800000, 0x000000066b800000, 0x000000066bc00000|  0%| F|  |TAMS 0x000000066b800000| PB 0x000000066b800000| Untracked 
| 431|0x000000066bc00000, 0x000000066bc00000, 0x000000066c000000|  0%| F|  |TAMS 0x000000066bc00000| PB 0x000000066bc00000| Untracked 
| 432|0x000000066c000000, 0x000000066c400000, 0x000000066c400000|100%| O|  |TAMS 0x000000066c000000| PB 0x000000066c000000| Untracked 
| 433|0x000000066c400000, 0x000000066c800000, 0x000000066c800000|100%| O|  |TAMS 0x000000066c400000| PB 0x000000066c400000| Untracked 
| 434|0x000000066c800000, 0x000000066cc00000, 0x000000066cc00000|100%| O|  |TAMS 0x000000066c800000| PB 0x000000066c800000| Untracked 
| 435|0x000000066cc00000, 0x000000066d000000, 0x000000066d000000|100%| O|  |TAMS 0x000000066cc00000| PB 0x000000066cc00000| Untracked 
| 436|0x000000066d000000, 0x000000066d000000, 0x000000066d400000|  0%| F|  |TAMS 0x000000066d000000| PB 0x000000066d000000| Untracked 
| 437|0x000000066d400000, 0x000000066d800000, 0x000000066d800000|100%| O|  |TAMS 0x000000066d400000| PB 0x000000066d400000| Untracked 
| 438|0x000000066d800000, 0x000000066d800000, 0x000000066dc00000|  0%| F|  |TAMS 0x000000066d800000| PB 0x000000066d800000| Untracked 
| 439|0x000000066dc00000, 0x000000066dc00000, 0x000000066e000000|  0%| F|  |TAMS 0x000000066dc00000| PB 0x000000066dc00000| Untracked 
| 440|0x000000066e000000, 0x000000066e400000, 0x000000066e400000|100%| O|  |TAMS 0x000000066e000000| PB 0x000000066e000000| Untracked 
| 441|0x000000066e400000, 0x000000066e800000, 0x000000066e800000|100%| O|  |TAMS 0x000000066e400000| PB 0x000000066e400000| Untracked 
| 442|0x000000066e800000, 0x000000066ec00000, 0x000000066ec00000|100%| O|  |TAMS 0x000000066e800000| PB 0x000000066e800000| Untracked 
| 443|0x000000066ec00000, 0x000000066f000000, 0x000000066f000000|100%| O|  |TAMS 0x000000066ec00000| PB 0x000000066ec00000| Untracked 
| 444|0x000000066f000000, 0x000000066f400000, 0x000000066f400000|100%| O|  |TAMS 0x000000066f000000| PB 0x000000066f000000| Untracked 
| 445|0x000000066f400000, 0x000000066f800000, 0x000000066f800000|100%| O|  |TAMS 0x000000066f400000| PB 0x000000066f400000| Untracked 
| 446|0x000000066f800000, 0x000000066fc00000, 0x000000066fc00000|100%| O|  |TAMS 0x000000066f800000| PB 0x000000066f800000| Untracked 
| 447|0x000000066fc00000, 0x000000066fc00000, 0x0000000670000000|  0%| F|  |TAMS 0x000000066fc00000| PB 0x000000066fc00000| Untracked 
| 448|0x0000000670000000, 0x0000000670000000, 0x0000000670400000|  0%| F|  |TAMS 0x0000000670000000| PB 0x0000000670000000| Untracked 
| 449|0x0000000670400000, 0x0000000670400000, 0x0000000670800000|  0%| F|  |TAMS 0x0000000670400000| PB 0x0000000670400000| Untracked 
| 450|0x0000000670800000, 0x0000000670800000, 0x0000000670c00000|  0%| F|  |TAMS 0x0000000670800000| PB 0x0000000670800000| Untracked 
| 451|0x0000000670c00000, 0x0000000670c00000, 0x0000000671000000|  0%| F|  |TAMS 0x0000000670c00000| PB 0x0000000670c00000| Untracked 
| 452|0x0000000671000000, 0x0000000671000000, 0x0000000671400000|  0%| F|  |TAMS 0x0000000671000000| PB 0x0000000671000000| Untracked 
| 453|0x0000000671400000, 0x0000000671400000, 0x0000000671800000|  0%| F|  |TAMS 0x0000000671400000| PB 0x0000000671400000| Untracked 
| 454|0x0000000671800000, 0x0000000671800000, 0x0000000671c00000|  0%| F|  |TAMS 0x0000000671800000| PB 0x0000000671800000| Untracked 
| 455|0x0000000671c00000, 0x0000000671c00000, 0x0000000672000000|  0%| F|  |TAMS 0x0000000671c00000| PB 0x0000000671c00000| Untracked 
| 456|0x0000000672000000, 0x0000000672400000, 0x0000000672400000|100%|HS|  |TAMS 0x0000000672000000| PB 0x0000000672000000| Complete 
| 457|0x0000000672400000, 0x0000000672800000, 0x0000000672800000|100%|HC|  |TAMS 0x0000000672400000| PB 0x0000000672400000| Complete 
| 458|0x0000000672800000, 0x0000000672c00000, 0x0000000672c00000|100%|HS|  |TAMS 0x0000000672800000| PB 0x0000000672800000| Complete 
| 459|0x0000000672c00000, 0x0000000673000000, 0x0000000673000000|100%|HC|  |TAMS 0x0000000672c00000| PB 0x0000000672c00000| Complete 
| 460|0x0000000673000000, 0x0000000673000000, 0x0000000673400000|  0%| F|  |TAMS 0x0000000673000000| PB 0x0000000673000000| Untracked 
| 461|0x0000000673400000, 0x0000000673400000, 0x0000000673800000|  0%| F|  |TAMS 0x0000000673400000| PB 0x0000000673400000| Untracked 
| 462|0x0000000673800000, 0x0000000673800000, 0x0000000673c00000|  0%| F|  |TAMS 0x0000000673800000| PB 0x0000000673800000| Untracked 
| 463|0x0000000673c00000, 0x0000000673c00000, 0x0000000674000000|  0%| F|  |TAMS 0x0000000673c00000| PB 0x0000000673c00000| Untracked 
| 464|0x0000000674000000, 0x0000000674000000, 0x0000000674400000|  0%| F|  |TAMS 0x0000000674000000| PB 0x0000000674000000| Untracked 
| 465|0x0000000674400000, 0x0000000674400000, 0x0000000674800000|  0%| F|  |TAMS 0x0000000674400000| PB 0x0000000674400000| Untracked 
| 466|0x0000000674800000, 0x0000000674800000, 0x0000000674c00000|  0%| F|  |TAMS 0x0000000674800000| PB 0x0000000674800000| Untracked 
| 467|0x0000000674c00000, 0x0000000674e12f70, 0x0000000675000000| 51%| S|CS|TAMS 0x0000000674c00000| PB 0x0000000674c00000| Complete 
| 468|0x0000000675000000, 0x0000000675000000, 0x0000000675400000|  0%| F|  |TAMS 0x0000000675000000| PB 0x0000000675000000| Untracked 
| 469|0x0000000675400000, 0x0000000675400000, 0x0000000675800000|  0%| F|  |TAMS 0x0000000675400000| PB 0x0000000675400000| Untracked 
| 470|0x0000000675800000, 0x0000000675800000, 0x0000000675c00000|  0%| F|  |TAMS 0x0000000675800000| PB 0x0000000675800000| Untracked 
| 471|0x0000000675c00000, 0x0000000675c00000, 0x0000000676000000|  0%| F|  |TAMS 0x0000000675c00000| PB 0x0000000675c00000| Untracked 
| 472|0x0000000676000000, 0x0000000676400000, 0x0000000676400000|100%| S|CS|TAMS 0x0000000676000000| PB 0x0000000676000000| Complete 
| 473|0x0000000676400000, 0x0000000676800000, 0x0000000676800000|100%| S|CS|TAMS 0x0000000676400000| PB 0x0000000676400000| Complete 
| 474|0x0000000676800000, 0x0000000676c00000, 0x0000000676c00000|100%| S|CS|TAMS 0x0000000676800000| PB 0x0000000676800000| Complete 
| 475|0x0000000676c00000, 0x0000000677000000, 0x0000000677000000|100%| S|CS|TAMS 0x0000000676c00000| PB 0x0000000676c00000| Complete 
| 476|0x0000000677000000, 0x0000000677000000, 0x0000000677400000|  0%| F|  |TAMS 0x0000000677000000| PB 0x0000000677000000| Untracked 
| 477|0x0000000677400000, 0x0000000677400000, 0x0000000677800000|  0%| F|  |TAMS 0x0000000677400000| PB 0x0000000677400000| Untracked 
| 478|0x0000000677800000, 0x0000000677800000, 0x0000000677c00000|  0%| F|  |TAMS 0x0000000677800000| PB 0x0000000677800000| Untracked 
| 479|0x0000000677c00000, 0x0000000677c00000, 0x0000000678000000|  0%| F|  |TAMS 0x0000000677c00000| PB 0x0000000677c00000| Untracked 
| 480|0x0000000678000000, 0x0000000678000000, 0x0000000678400000|  0%| F|  |TAMS 0x0000000678000000| PB 0x0000000678000000| Untracked 
| 481|0x0000000678400000, 0x0000000678400000, 0x0000000678800000|  0%| F|  |TAMS 0x0000000678400000| PB 0x0000000678400000| Untracked 
| 482|0x0000000678800000, 0x0000000678800000, 0x0000000678c00000|  0%| F|  |TAMS 0x0000000678800000| PB 0x0000000678800000| Untracked 
| 483|0x0000000678c00000, 0x0000000678c00000, 0x0000000679000000|  0%| F|  |TAMS 0x0000000678c00000| PB 0x0000000678c00000| Untracked 
| 484|0x0000000679000000, 0x0000000679000000, 0x0000000679400000|  0%| F|  |TAMS 0x0000000679000000| PB 0x0000000679000000| Untracked 
| 485|0x0000000679400000, 0x0000000679400000, 0x0000000679800000|  0%| F|  |TAMS 0x0000000679400000| PB 0x0000000679400000| Untracked 
| 486|0x0000000679800000, 0x0000000679800000, 0x0000000679c00000|  0%| F|  |TAMS 0x0000000679800000| PB 0x0000000679800000| Untracked 
| 487|0x0000000679c00000, 0x0000000679c00000, 0x000000067a000000|  0%| F|  |TAMS 0x0000000679c00000| PB 0x0000000679c00000| Untracked 
| 488|0x000000067a000000, 0x000000067a000000, 0x000000067a400000|  0%| F|  |TAMS 0x000000067a000000| PB 0x000000067a000000| Untracked 
| 489|0x000000067a400000, 0x000000067a400000, 0x000000067a800000|  0%| F|  |TAMS 0x000000067a400000| PB 0x000000067a400000| Untracked 
| 490|0x000000067a800000, 0x000000067a800000, 0x000000067ac00000|  0%| F|  |TAMS 0x000000067a800000| PB 0x000000067a800000| Untracked 
| 491|0x000000067ac00000, 0x000000067ac00000, 0x000000067b000000|  0%| F|  |TAMS 0x000000067ac00000| PB 0x000000067ac00000| Untracked 
| 492|0x000000067b000000, 0x000000067b000000, 0x000000067b400000|  0%| F|  |TAMS 0x000000067b000000| PB 0x000000067b000000| Untracked 
| 493|0x000000067b400000, 0x000000067b400000, 0x000000067b800000|  0%| F|  |TAMS 0x000000067b400000| PB 0x000000067b400000| Untracked 
| 494|0x000000067b800000, 0x000000067b800000, 0x000000067bc00000|  0%| F|  |TAMS 0x000000067b800000| PB 0x000000067b800000| Untracked 
| 495|0x000000067bc00000, 0x000000067bc00000, 0x000000067c000000|  0%| F|  |TAMS 0x000000067bc00000| PB 0x000000067bc00000| Untracked 
| 496|0x000000067c000000, 0x000000067c000000, 0x000000067c400000|  0%| F|  |TAMS 0x000000067c000000| PB 0x000000067c000000| Untracked 
| 497|0x000000067c400000, 0x000000067c400000, 0x000000067c800000|  0%| F|  |TAMS 0x000000067c400000| PB 0x000000067c400000| Untracked 
| 498|0x000000067c800000, 0x000000067c800000, 0x000000067cc00000|  0%| F|  |TAMS 0x000000067c800000| PB 0x000000067c800000| Untracked 
| 499|0x000000067cc00000, 0x000000067cc00000, 0x000000067d000000|  0%| F|  |TAMS 0x000000067cc00000| PB 0x000000067cc00000| Untracked 
| 500|0x000000067d000000, 0x000000067d000000, 0x000000067d400000|  0%| F|  |TAMS 0x000000067d000000| PB 0x000000067d000000| Untracked 
| 501|0x000000067d400000, 0x000000067d400000, 0x000000067d800000|  0%| F|  |TAMS 0x000000067d400000| PB 0x000000067d400000| Untracked 
| 502|0x000000067d800000, 0x000000067d800000, 0x000000067dc00000|  0%| F|  |TAMS 0x000000067d800000| PB 0x000000067d800000| Untracked 
| 503|0x000000067dc00000, 0x000000067dc00000, 0x000000067e000000|  0%| F|  |TAMS 0x000000067dc00000| PB 0x000000067dc00000| Untracked 
| 504|0x000000067e000000, 0x000000067e000000, 0x000000067e400000|  0%| F|  |TAMS 0x000000067e000000| PB 0x000000067e000000| Untracked 
| 505|0x000000067e400000, 0x000000067e400000, 0x000000067e800000|  0%| F|  |TAMS 0x000000067e400000| PB 0x000000067e400000| Untracked 
| 506|0x000000067e800000, 0x000000067e800000, 0x000000067ec00000|  0%| F|  |TAMS 0x000000067e800000| PB 0x000000067e800000| Untracked 
| 507|0x000000067ec00000, 0x000000067ec00000, 0x000000067f000000|  0%| F|  |TAMS 0x000000067ec00000| PB 0x000000067ec00000| Untracked 
| 508|0x000000067f000000, 0x000000067f000000, 0x000000067f400000|  0%| F|  |TAMS 0x000000067f000000| PB 0x000000067f000000| Untracked 
| 509|0x000000067f400000, 0x000000067f400000, 0x000000067f800000|  0%| F|  |TAMS 0x000000067f400000| PB 0x000000067f400000| Untracked 
| 510|0x000000067f800000, 0x000000067f800000, 0x000000067fc00000|  0%| F|  |TAMS 0x000000067f800000| PB 0x000000067f800000| Untracked 
| 511|0x000000067fc00000, 0x000000067fc00000, 0x0000000680000000|  0%| F|  |TAMS 0x000000067fc00000| PB 0x000000067fc00000| Untracked 
| 512|0x0000000680000000, 0x0000000680000000, 0x0000000680400000|  0%| F|  |TAMS 0x0000000680000000| PB 0x0000000680000000| Untracked 
| 513|0x0000000680400000, 0x0000000680400000, 0x0000000680800000|  0%| F|  |TAMS 0x0000000680400000| PB 0x0000000680400000| Untracked 
| 514|0x0000000680800000, 0x0000000680800000, 0x0000000680c00000|  0%| F|  |TAMS 0x0000000680800000| PB 0x0000000680800000| Untracked 
| 515|0x0000000680c00000, 0x0000000680c00000, 0x0000000681000000|  0%| F|  |TAMS 0x0000000680c00000| PB 0x0000000680c00000| Untracked 
| 516|0x0000000681000000, 0x0000000681000000, 0x0000000681400000|  0%| F|  |TAMS 0x0000000681000000| PB 0x0000000681000000| Untracked 
| 517|0x0000000681400000, 0x0000000681400000, 0x0000000681800000|  0%| F|  |TAMS 0x0000000681400000| PB 0x0000000681400000| Untracked 
| 518|0x0000000681800000, 0x0000000681800000, 0x0000000681c00000|  0%| F|  |TAMS 0x0000000681800000| PB 0x0000000681800000| Untracked 
| 519|0x0000000681c00000, 0x0000000681c00000, 0x0000000682000000|  0%| F|  |TAMS 0x0000000681c00000| PB 0x0000000681c00000| Untracked 
| 520|0x0000000682000000, 0x0000000682000000, 0x0000000682400000|  0%| F|  |TAMS 0x0000000682000000| PB 0x0000000682000000| Untracked 
| 521|0x0000000682400000, 0x0000000682400000, 0x0000000682800000|  0%| F|  |TAMS 0x0000000682400000| PB 0x0000000682400000| Untracked 
| 522|0x0000000682800000, 0x0000000682800000, 0x0000000682c00000|  0%| F|  |TAMS 0x0000000682800000| PB 0x0000000682800000| Untracked 
| 523|0x0000000682c00000, 0x0000000682c00000, 0x0000000683000000|  0%| F|  |TAMS 0x0000000682c00000| PB 0x0000000682c00000| Untracked 
| 524|0x0000000683000000, 0x0000000683000000, 0x0000000683400000|  0%| F|  |TAMS 0x0000000683000000| PB 0x0000000683000000| Untracked 
| 525|0x0000000683400000, 0x0000000683400000, 0x0000000683800000|  0%| F|  |TAMS 0x0000000683400000| PB 0x0000000683400000| Untracked 
| 526|0x0000000683800000, 0x0000000683800000, 0x0000000683c00000|  0%| F|  |TAMS 0x0000000683800000| PB 0x0000000683800000| Untracked 
| 527|0x0000000683c00000, 0x0000000683c00000, 0x0000000684000000|  0%| F|  |TAMS 0x0000000683c00000| PB 0x0000000683c00000| Untracked 
| 528|0x0000000684000000, 0x0000000684000000, 0x0000000684400000|  0%| F|  |TAMS 0x0000000684000000| PB 0x0000000684000000| Untracked 
| 529|0x0000000684400000, 0x0000000684400000, 0x0000000684800000|  0%| F|  |TAMS 0x0000000684400000| PB 0x0000000684400000| Untracked 
| 530|0x0000000684800000, 0x0000000684800000, 0x0000000684c00000|  0%| F|  |TAMS 0x0000000684800000| PB 0x0000000684800000| Untracked 
| 531|0x0000000684c00000, 0x0000000684c00000, 0x0000000685000000|  0%| F|  |TAMS 0x0000000684c00000| PB 0x0000000684c00000| Untracked 
| 532|0x0000000685000000, 0x0000000685000000, 0x0000000685400000|  0%| F|  |TAMS 0x0000000685000000| PB 0x0000000685000000| Untracked 
| 533|0x0000000685400000, 0x0000000685400000, 0x0000000685800000|  0%| F|  |TAMS 0x0000000685400000| PB 0x0000000685400000| Untracked 
| 534|0x0000000685800000, 0x0000000685800000, 0x0000000685c00000|  0%| F|  |TAMS 0x0000000685800000| PB 0x0000000685800000| Untracked 
| 535|0x0000000685c00000, 0x0000000685c00000, 0x0000000686000000|  0%| F|  |TAMS 0x0000000685c00000| PB 0x0000000685c00000| Untracked 
| 536|0x0000000686000000, 0x0000000686000000, 0x0000000686400000|  0%| F|  |TAMS 0x0000000686000000| PB 0x0000000686000000| Untracked 
| 537|0x0000000686400000, 0x0000000686400000, 0x0000000686800000|  0%| F|  |TAMS 0x0000000686400000| PB 0x0000000686400000| Untracked 
| 538|0x0000000686800000, 0x0000000686800000, 0x0000000686c00000|  0%| F|  |TAMS 0x0000000686800000| PB 0x0000000686800000| Untracked 
| 539|0x0000000686c00000, 0x0000000686c00000, 0x0000000687000000|  0%| F|  |TAMS 0x0000000686c00000| PB 0x0000000686c00000| Untracked 
| 540|0x0000000687000000, 0x0000000687000000, 0x0000000687400000|  0%| F|  |TAMS 0x0000000687000000| PB 0x0000000687000000| Untracked 
| 541|0x0000000687400000, 0x0000000687400000, 0x0000000687800000|  0%| F|  |TAMS 0x0000000687400000| PB 0x0000000687400000| Untracked 
| 542|0x0000000687800000, 0x0000000687800000, 0x0000000687c00000|  0%| F|  |TAMS 0x0000000687800000| PB 0x0000000687800000| Untracked 
| 543|0x0000000687c00000, 0x0000000687c00000, 0x0000000688000000|  0%| F|  |TAMS 0x0000000687c00000| PB 0x0000000687c00000| Untracked 
| 544|0x0000000688000000, 0x0000000688000000, 0x0000000688400000|  0%| F|  |TAMS 0x0000000688000000| PB 0x0000000688000000| Untracked 
| 545|0x0000000688400000, 0x0000000688400000, 0x0000000688800000|  0%| F|  |TAMS 0x0000000688400000| PB 0x0000000688400000| Untracked 
| 546|0x0000000688800000, 0x0000000688800000, 0x0000000688c00000|  0%| F|  |TAMS 0x0000000688800000| PB 0x0000000688800000| Untracked 
| 547|0x0000000688c00000, 0x0000000688c00000, 0x0000000689000000|  0%| F|  |TAMS 0x0000000688c00000| PB 0x0000000688c00000| Untracked 
| 548|0x0000000689000000, 0x0000000689000000, 0x0000000689400000|  0%| F|  |TAMS 0x0000000689000000| PB 0x0000000689000000| Untracked 
| 549|0x0000000689400000, 0x0000000689400000, 0x0000000689800000|  0%| F|  |TAMS 0x0000000689400000| PB 0x0000000689400000| Untracked 
| 550|0x0000000689800000, 0x0000000689800000, 0x0000000689c00000|  0%| F|  |TAMS 0x0000000689800000| PB 0x0000000689800000| Untracked 
| 551|0x0000000689c00000, 0x0000000689c00000, 0x000000068a000000|  0%| F|  |TAMS 0x0000000689c00000| PB 0x0000000689c00000| Untracked 
| 552|0x000000068a000000, 0x000000068a000000, 0x000000068a400000|  0%| F|  |TAMS 0x000000068a000000| PB 0x000000068a000000| Untracked 
| 553|0x000000068a400000, 0x000000068a400000, 0x000000068a800000|  0%| F|  |TAMS 0x000000068a400000| PB 0x000000068a400000| Untracked 
| 554|0x000000068a800000, 0x000000068a800000, 0x000000068ac00000|  0%| F|  |TAMS 0x000000068a800000| PB 0x000000068a800000| Untracked 
| 555|0x000000068ac00000, 0x000000068ac00000, 0x000000068b000000|  0%| F|  |TAMS 0x000000068ac00000| PB 0x000000068ac00000| Untracked 
| 556|0x000000068b000000, 0x000000068b000000, 0x000000068b400000|  0%| F|  |TAMS 0x000000068b000000| PB 0x000000068b000000| Untracked 
| 557|0x000000068b400000, 0x000000068b400000, 0x000000068b800000|  0%| F|  |TAMS 0x000000068b400000| PB 0x000000068b400000| Untracked 
| 558|0x000000068b800000, 0x000000068b800000, 0x000000068bc00000|  0%| F|  |TAMS 0x000000068b800000| PB 0x000000068b800000| Untracked 
| 559|0x000000068bc00000, 0x000000068bc00000, 0x000000068c000000|  0%| F|  |TAMS 0x000000068bc00000| PB 0x000000068bc00000| Untracked 
| 560|0x000000068c000000, 0x000000068c000000, 0x000000068c400000|  0%| F|  |TAMS 0x000000068c000000| PB 0x000000068c000000| Untracked 
| 561|0x000000068c400000, 0x000000068c400000, 0x000000068c800000|  0%| F|  |TAMS 0x000000068c400000| PB 0x000000068c400000| Untracked 
| 562|0x000000068c800000, 0x000000068c800000, 0x000000068cc00000|  0%| F|  |TAMS 0x000000068c800000| PB 0x000000068c800000| Untracked 
| 563|0x000000068cc00000, 0x000000068cc00000, 0x000000068d000000|  0%| F|  |TAMS 0x000000068cc00000| PB 0x000000068cc00000| Untracked 
| 564|0x000000068d000000, 0x000000068d000000, 0x000000068d400000|  0%| F|  |TAMS 0x000000068d000000| PB 0x000000068d000000| Untracked 
| 565|0x000000068d400000, 0x000000068d400000, 0x000000068d800000|  0%| F|  |TAMS 0x000000068d400000| PB 0x000000068d400000| Untracked 
| 566|0x000000068d800000, 0x000000068d800000, 0x000000068dc00000|  0%| F|  |TAMS 0x000000068d800000| PB 0x000000068d800000| Untracked 
| 567|0x000000068dc00000, 0x000000068dc00000, 0x000000068e000000|  0%| F|  |TAMS 0x000000068dc00000| PB 0x000000068dc00000| Untracked 
| 568|0x000000068e000000, 0x000000068e000000, 0x000000068e400000|  0%| F|  |TAMS 0x000000068e000000| PB 0x000000068e000000| Untracked 
| 569|0x000000068e400000, 0x000000068e400000, 0x000000068e800000|  0%| F|  |TAMS 0x000000068e400000| PB 0x000000068e400000| Untracked 
| 570|0x000000068e800000, 0x000000068e800000, 0x000000068ec00000|  0%| F|  |TAMS 0x000000068e800000| PB 0x000000068e800000| Untracked 
| 571|0x000000068ec00000, 0x000000068ec00000, 0x000000068f000000|  0%| F|  |TAMS 0x000000068ec00000| PB 0x000000068ec00000| Untracked 
| 572|0x000000068f000000, 0x000000068f000000, 0x000000068f400000|  0%| F|  |TAMS 0x000000068f000000| PB 0x000000068f000000| Untracked 
| 573|0x000000068f400000, 0x000000068f400000, 0x000000068f800000|  0%| F|  |TAMS 0x000000068f400000| PB 0x000000068f400000| Untracked 
| 574|0x000000068f800000, 0x000000068f800000, 0x000000068fc00000|  0%| F|  |TAMS 0x000000068f800000| PB 0x000000068f800000| Untracked 
| 575|0x000000068fc00000, 0x000000068fc00000, 0x0000000690000000|  0%| F|  |TAMS 0x000000068fc00000| PB 0x000000068fc00000| Untracked 
| 576|0x0000000690000000, 0x0000000690000000, 0x0000000690400000|  0%| F|  |TAMS 0x0000000690000000| PB 0x0000000690000000| Untracked 
| 577|0x0000000690400000, 0x0000000690400000, 0x0000000690800000|  0%| F|  |TAMS 0x0000000690400000| PB 0x0000000690400000| Untracked 
| 578|0x0000000690800000, 0x0000000690800000, 0x0000000690c00000|  0%| F|  |TAMS 0x0000000690800000| PB 0x0000000690800000| Untracked 
| 579|0x0000000690c00000, 0x0000000690c00000, 0x0000000691000000|  0%| F|  |TAMS 0x0000000690c00000| PB 0x0000000690c00000| Untracked 
| 580|0x0000000691000000, 0x0000000691000000, 0x0000000691400000|  0%| F|  |TAMS 0x0000000691000000| PB 0x0000000691000000| Untracked 
| 581|0x0000000691400000, 0x0000000691400000, 0x0000000691800000|  0%| F|  |TAMS 0x0000000691400000| PB 0x0000000691400000| Untracked 
| 582|0x0000000691800000, 0x0000000691800000, 0x0000000691c00000|  0%| F|  |TAMS 0x0000000691800000| PB 0x0000000691800000| Untracked 
| 583|0x0000000691c00000, 0x0000000691c00000, 0x0000000692000000|  0%| F|  |TAMS 0x0000000691c00000| PB 0x0000000691c00000| Untracked 
| 584|0x0000000692000000, 0x0000000692000000, 0x0000000692400000|  0%| F|  |TAMS 0x0000000692000000| PB 0x0000000692000000| Untracked 
| 585|0x0000000692400000, 0x0000000692400000, 0x0000000692800000|  0%| F|  |TAMS 0x0000000692400000| PB 0x0000000692400000| Untracked 
| 586|0x0000000692800000, 0x0000000692800000, 0x0000000692c00000|  0%| F|  |TAMS 0x0000000692800000| PB 0x0000000692800000| Untracked 
| 587|0x0000000692c00000, 0x0000000692c00000, 0x0000000693000000|  0%| F|  |TAMS 0x0000000692c00000| PB 0x0000000692c00000| Untracked 
| 588|0x0000000693000000, 0x0000000693000000, 0x0000000693400000|  0%| F|  |TAMS 0x0000000693000000| PB 0x0000000693000000| Untracked 
| 589|0x0000000693400000, 0x0000000693400000, 0x0000000693800000|  0%| F|  |TAMS 0x0000000693400000| PB 0x0000000693400000| Untracked 
| 590|0x0000000693800000, 0x0000000693800000, 0x0000000693c00000|  0%| F|  |TAMS 0x0000000693800000| PB 0x0000000693800000| Untracked 
| 591|0x0000000693c00000, 0x0000000693c00000, 0x0000000694000000|  0%| F|  |TAMS 0x0000000693c00000| PB 0x0000000693c00000| Untracked 
| 592|0x0000000694000000, 0x0000000694000000, 0x0000000694400000|  0%| F|  |TAMS 0x0000000694000000| PB 0x0000000694000000| Untracked 
| 593|0x0000000694400000, 0x0000000694400000, 0x0000000694800000|  0%| F|  |TAMS 0x0000000694400000| PB 0x0000000694400000| Untracked 
| 594|0x0000000694800000, 0x0000000694800000, 0x0000000694c00000|  0%| F|  |TAMS 0x0000000694800000| PB 0x0000000694800000| Untracked 
| 595|0x0000000694c00000, 0x0000000694c00000, 0x0000000695000000|  0%| F|  |TAMS 0x0000000694c00000| PB 0x0000000694c00000| Untracked 
| 596|0x0000000695000000, 0x0000000695000000, 0x0000000695400000|  0%| F|  |TAMS 0x0000000695000000| PB 0x0000000695000000| Untracked 
| 597|0x0000000695400000, 0x0000000695400000, 0x0000000695800000|  0%| F|  |TAMS 0x0000000695400000| PB 0x0000000695400000| Untracked 
| 598|0x0000000695800000, 0x0000000695800000, 0x0000000695c00000|  0%| F|  |TAMS 0x0000000695800000| PB 0x0000000695800000| Untracked 
| 599|0x0000000695c00000, 0x0000000695c00000, 0x0000000696000000|  0%| F|  |TAMS 0x0000000695c00000| PB 0x0000000695c00000| Untracked 
| 600|0x0000000696000000, 0x0000000696000000, 0x0000000696400000|  0%| F|  |TAMS 0x0000000696000000| PB 0x0000000696000000| Untracked 
| 601|0x0000000696400000, 0x0000000696400000, 0x0000000696800000|  0%| F|  |TAMS 0x0000000696400000| PB 0x0000000696400000| Untracked 
| 602|0x0000000696800000, 0x0000000696800000, 0x0000000696c00000|  0%| F|  |TAMS 0x0000000696800000| PB 0x0000000696800000| Untracked 
| 603|0x0000000696c00000, 0x0000000696c00000, 0x0000000697000000|  0%| F|  |TAMS 0x0000000696c00000| PB 0x0000000696c00000| Untracked 
| 604|0x0000000697000000, 0x0000000697000000, 0x0000000697400000|  0%| F|  |TAMS 0x0000000697000000| PB 0x0000000697000000| Untracked 
| 605|0x0000000697400000, 0x0000000697400000, 0x0000000697800000|  0%| F|  |TAMS 0x0000000697400000| PB 0x0000000697400000| Untracked 
| 606|0x0000000697800000, 0x0000000697800000, 0x0000000697c00000|  0%| F|  |TAMS 0x0000000697800000| PB 0x0000000697800000| Untracked 
| 607|0x0000000697c00000, 0x0000000697c00000, 0x0000000698000000|  0%| F|  |TAMS 0x0000000697c00000| PB 0x0000000697c00000| Untracked 
| 608|0x0000000698000000, 0x0000000698000000, 0x0000000698400000|  0%| F|  |TAMS 0x0000000698000000| PB 0x0000000698000000| Untracked 
| 609|0x0000000698400000, 0x0000000698400000, 0x0000000698800000|  0%| F|  |TAMS 0x0000000698400000| PB 0x0000000698400000| Untracked 
| 610|0x0000000698800000, 0x0000000698800000, 0x0000000698c00000|  0%| F|  |TAMS 0x0000000698800000| PB 0x0000000698800000| Untracked 
| 611|0x0000000698c00000, 0x0000000698c00000, 0x0000000699000000|  0%| F|  |TAMS 0x0000000698c00000| PB 0x0000000698c00000| Untracked 
| 612|0x0000000699000000, 0x0000000699000000, 0x0000000699400000|  0%| F|  |TAMS 0x0000000699000000| PB 0x0000000699000000| Untracked 
| 613|0x0000000699400000, 0x0000000699400000, 0x0000000699800000|  0%| F|  |TAMS 0x0000000699400000| PB 0x0000000699400000| Untracked 
| 614|0x0000000699800000, 0x0000000699800000, 0x0000000699c00000|  0%| F|  |TAMS 0x0000000699800000| PB 0x0000000699800000| Untracked 
| 615|0x0000000699c00000, 0x0000000699c00000, 0x000000069a000000|  0%| F|  |TAMS 0x0000000699c00000| PB 0x0000000699c00000| Untracked 
| 616|0x000000069a000000, 0x000000069a000000, 0x000000069a400000|  0%| F|  |TAMS 0x000000069a000000| PB 0x000000069a000000| Untracked 
| 617|0x000000069a400000, 0x000000069a400000, 0x000000069a800000|  0%| F|  |TAMS 0x000000069a400000| PB 0x000000069a400000| Untracked 
| 618|0x000000069a800000, 0x000000069a800000, 0x000000069ac00000|  0%| F|  |TAMS 0x000000069a800000| PB 0x000000069a800000| Untracked 
| 619|0x000000069ac00000, 0x000000069ac00000, 0x000000069b000000|  0%| F|  |TAMS 0x000000069ac00000| PB 0x000000069ac00000| Untracked 
| 620|0x000000069b000000, 0x000000069b000000, 0x000000069b400000|  0%| F|  |TAMS 0x000000069b000000| PB 0x000000069b000000| Untracked 
| 621|0x000000069b400000, 0x000000069b400000, 0x000000069b800000|  0%| F|  |TAMS 0x000000069b400000| PB 0x000000069b400000| Untracked 
| 622|0x000000069b800000, 0x000000069b800000, 0x000000069bc00000|  0%| F|  |TAMS 0x000000069b800000| PB 0x000000069b800000| Untracked 
| 623|0x000000069bc00000, 0x000000069be00000, 0x000000069c000000| 50%| E|  |TAMS 0x000000069bc00000| PB 0x000000069bc00000| Complete 
| 624|0x000000069c000000, 0x000000069c400000, 0x000000069c400000|100%| E|CS|TAMS 0x000000069c000000| PB 0x000000069c000000| Complete 
| 625|0x000000069c400000, 0x000000069c800000, 0x000000069c800000|100%| E|CS|TAMS 0x000000069c400000| PB 0x000000069c400000| Complete 
| 626|0x000000069c800000, 0x000000069cc00000, 0x000000069cc00000|100%| E|CS|TAMS 0x000000069c800000| PB 0x000000069c800000| Complete 
| 627|0x000000069cc00000, 0x000000069d000000, 0x000000069d000000|100%| E|CS|TAMS 0x000000069cc00000| PB 0x000000069cc00000| Complete 
| 628|0x000000069d000000, 0x000000069d400000, 0x000000069d400000|100%| E|CS|TAMS 0x000000069d000000| PB 0x000000069d000000| Complete 
| 629|0x000000069d400000, 0x000000069d800000, 0x000000069d800000|100%| E|CS|TAMS 0x000000069d400000| PB 0x000000069d400000| Complete 
| 630|0x000000069d800000, 0x000000069dc00000, 0x000000069dc00000|100%| E|CS|TAMS 0x000000069d800000| PB 0x000000069d800000| Complete 
| 631|0x000000069dc00000, 0x000000069e000000, 0x000000069e000000|100%| E|CS|TAMS 0x000000069dc00000| PB 0x000000069dc00000| Complete 
| 632|0x000000069e000000, 0x000000069e400000, 0x000000069e400000|100%| E|CS|TAMS 0x000000069e000000| PB 0x000000069e000000| Complete 
| 633|0x000000069e400000, 0x000000069e800000, 0x000000069e800000|100%| E|CS|TAMS 0x000000069e400000| PB 0x000000069e400000| Complete 
| 634|0x000000069e800000, 0x000000069ec00000, 0x000000069ec00000|100%| E|CS|TAMS 0x000000069e800000| PB 0x000000069e800000| Complete 
| 635|0x000000069ec00000, 0x000000069f000000, 0x000000069f000000|100%| E|CS|TAMS 0x000000069ec00000| PB 0x000000069ec00000| Complete 
| 636|0x000000069f000000, 0x000000069f400000, 0x000000069f400000|100%| E|CS|TAMS 0x000000069f000000| PB 0x000000069f000000| Complete 
| 637|0x000000069f400000, 0x000000069f800000, 0x000000069f800000|100%| E|CS|TAMS 0x000000069f400000| PB 0x000000069f400000| Complete 
| 638|0x000000069f800000, 0x000000069fc00000, 0x000000069fc00000|100%| E|CS|TAMS 0x000000069f800000| PB 0x000000069f800000| Complete 
| 639|0x000000069fc00000, 0x00000006a0000000, 0x00000006a0000000|100%| E|CS|TAMS 0x000000069fc00000| PB 0x000000069fc00000| Complete 
| 640|0x00000006a0000000, 0x00000006a0400000, 0x00000006a0400000|100%| E|CS|TAMS 0x00000006a0000000| PB 0x00000006a0000000| Complete 
| 641|0x00000006a0400000, 0x00000006a0800000, 0x00000006a0800000|100%| E|CS|TAMS 0x00000006a0400000| PB 0x00000006a0400000| Complete 
| 642|0x00000006a0800000, 0x00000006a0c00000, 0x00000006a0c00000|100%| E|CS|TAMS 0x00000006a0800000| PB 0x00000006a0800000| Complete 
| 643|0x00000006a0c00000, 0x00000006a1000000, 0x00000006a1000000|100%| E|CS|TAMS 0x00000006a0c00000| PB 0x00000006a0c00000| Complete 
| 644|0x00000006a1000000, 0x00000006a1400000, 0x00000006a1400000|100%| E|CS|TAMS 0x00000006a1000000| PB 0x00000006a1000000| Complete 
| 645|0x00000006a1400000, 0x00000006a1800000, 0x00000006a1800000|100%| E|CS|TAMS 0x00000006a1400000| PB 0x00000006a1400000| Complete 
| 646|0x00000006a1800000, 0x00000006a1c00000, 0x00000006a1c00000|100%| E|CS|TAMS 0x00000006a1800000| PB 0x00000006a1800000| Complete 
| 647|0x00000006a1c00000, 0x00000006a2000000, 0x00000006a2000000|100%| E|CS|TAMS 0x00000006a1c00000| PB 0x00000006a1c00000| Complete 
| 648|0x00000006a2000000, 0x00000006a2400000, 0x00000006a2400000|100%| E|CS|TAMS 0x00000006a2000000| PB 0x00000006a2000000| Complete 
| 649|0x00000006a2400000, 0x00000006a2800000, 0x00000006a2800000|100%| E|CS|TAMS 0x00000006a2400000| PB 0x00000006a2400000| Complete 
| 650|0x00000006a2800000, 0x00000006a2c00000, 0x00000006a2c00000|100%| E|CS|TAMS 0x00000006a2800000| PB 0x00000006a2800000| Complete 
| 651|0x00000006a2c00000, 0x00000006a3000000, 0x00000006a3000000|100%| E|CS|TAMS 0x00000006a2c00000| PB 0x00000006a2c00000| Complete 
| 652|0x00000006a3000000, 0x00000006a3400000, 0x00000006a3400000|100%| E|CS|TAMS 0x00000006a3000000| PB 0x00000006a3000000| Complete 
| 653|0x00000006a3400000, 0x00000006a3800000, 0x00000006a3800000|100%| E|CS|TAMS 0x00000006a3400000| PB 0x00000006a3400000| Complete 
| 654|0x00000006a3800000, 0x00000006a3c00000, 0x00000006a3c00000|100%| E|CS|TAMS 0x00000006a3800000| PB 0x00000006a3800000| Complete 
| 655|0x00000006a3c00000, 0x00000006a4000000, 0x00000006a4000000|100%| E|CS|TAMS 0x00000006a3c00000| PB 0x00000006a3c00000| Complete 
| 656|0x00000006a4000000, 0x00000006a4400000, 0x00000006a4400000|100%| E|CS|TAMS 0x00000006a4000000| PB 0x00000006a4000000| Complete 
| 657|0x00000006a4400000, 0x00000006a4800000, 0x00000006a4800000|100%| E|CS|TAMS 0x00000006a4400000| PB 0x00000006a4400000| Complete 
| 658|0x00000006a4800000, 0x00000006a4c00000, 0x00000006a4c00000|100%| E|CS|TAMS 0x00000006a4800000| PB 0x00000006a4800000| Complete 
| 659|0x00000006a4c00000, 0x00000006a5000000, 0x00000006a5000000|100%| E|CS|TAMS 0x00000006a4c00000| PB 0x00000006a4c00000| Complete 
| 660|0x00000006a5000000, 0x00000006a5400000, 0x00000006a5400000|100%| E|CS|TAMS 0x00000006a5000000| PB 0x00000006a5000000| Complete 
| 661|0x00000006a5400000, 0x00000006a5800000, 0x00000006a5800000|100%| E|CS|TAMS 0x00000006a5400000| PB 0x00000006a5400000| Complete 
| 662|0x00000006a5800000, 0x00000006a5c00000, 0x00000006a5c00000|100%| E|CS|TAMS 0x00000006a5800000| PB 0x00000006a5800000| Complete 
| 663|0x00000006a5c00000, 0x00000006a6000000, 0x00000006a6000000|100%| E|CS|TAMS 0x00000006a5c00000| PB 0x00000006a5c00000| Complete 
| 664|0x00000006a6000000, 0x00000006a6400000, 0x00000006a6400000|100%| E|CS|TAMS 0x00000006a6000000| PB 0x00000006a6000000| Complete 
| 665|0x00000006a6400000, 0x00000006a6800000, 0x00000006a6800000|100%| E|CS|TAMS 0x00000006a6400000| PB 0x00000006a6400000| Complete 
| 666|0x00000006a6800000, 0x00000006a6c00000, 0x00000006a6c00000|100%| E|CS|TAMS 0x00000006a6800000| PB 0x00000006a6800000| Complete 
| 667|0x00000006a6c00000, 0x00000006a7000000, 0x00000006a7000000|100%| E|CS|TAMS 0x00000006a6c00000| PB 0x00000006a6c00000| Complete 
| 668|0x00000006a7000000, 0x00000006a7400000, 0x00000006a7400000|100%| E|CS|TAMS 0x00000006a7000000| PB 0x00000006a7000000| Complete 
| 669|0x00000006a7400000, 0x00000006a7800000, 0x00000006a7800000|100%| E|CS|TAMS 0x00000006a7400000| PB 0x00000006a7400000| Complete 
| 670|0x00000006a7800000, 0x00000006a7c00000, 0x00000006a7c00000|100%| E|CS|TAMS 0x00000006a7800000| PB 0x00000006a7800000| Complete 
| 671|0x00000006a7c00000, 0x00000006a8000000, 0x00000006a8000000|100%| E|CS|TAMS 0x00000006a7c00000| PB 0x00000006a7c00000| Complete 
| 672|0x00000006a8000000, 0x00000006a8400000, 0x00000006a8400000|100%| E|CS|TAMS 0x00000006a8000000| PB 0x00000006a8000000| Complete 
| 673|0x00000006a8400000, 0x00000006a8800000, 0x00000006a8800000|100%| E|CS|TAMS 0x00000006a8400000| PB 0x00000006a8400000| Complete 
| 674|0x00000006a8800000, 0x00000006a8c00000, 0x00000006a8c00000|100%| E|CS|TAMS 0x00000006a8800000| PB 0x00000006a8800000| Complete 
| 675|0x00000006a8c00000, 0x00000006a9000000, 0x00000006a9000000|100%| E|CS|TAMS 0x00000006a8c00000| PB 0x00000006a8c00000| Complete 
| 676|0x00000006a9000000, 0x00000006a9400000, 0x00000006a9400000|100%| E|CS|TAMS 0x00000006a9000000| PB 0x00000006a9000000| Complete 
| 677|0x00000006a9400000, 0x00000006a9800000, 0x00000006a9800000|100%| E|CS|TAMS 0x00000006a9400000| PB 0x00000006a9400000| Complete 
| 678|0x00000006a9800000, 0x00000006a9c00000, 0x00000006a9c00000|100%| E|CS|TAMS 0x00000006a9800000| PB 0x00000006a9800000| Complete 
| 679|0x00000006a9c00000, 0x00000006aa000000, 0x00000006aa000000|100%| E|CS|TAMS 0x00000006a9c00000| PB 0x00000006a9c00000| Complete 
| 680|0x00000006aa000000, 0x00000006aa400000, 0x00000006aa400000|100%| E|CS|TAMS 0x00000006aa000000| PB 0x00000006aa000000| Complete 
| 681|0x00000006aa400000, 0x00000006aa800000, 0x00000006aa800000|100%| E|CS|TAMS 0x00000006aa400000| PB 0x00000006aa400000| Complete 
| 682|0x00000006aa800000, 0x00000006aac00000, 0x00000006aac00000|100%| E|CS|TAMS 0x00000006aa800000| PB 0x00000006aa800000| Complete 
| 683|0x00000006aac00000, 0x00000006ab000000, 0x00000006ab000000|100%| E|CS|TAMS 0x00000006aac00000| PB 0x00000006aac00000| Complete 
| 684|0x00000006ab000000, 0x00000006ab400000, 0x00000006ab400000|100%| E|CS|TAMS 0x00000006ab000000| PB 0x00000006ab000000| Complete 
| 685|0x00000006ab400000, 0x00000006ab800000, 0x00000006ab800000|100%| E|CS|TAMS 0x00000006ab400000| PB 0x00000006ab400000| Complete 
| 686|0x00000006ab800000, 0x00000006abc00000, 0x00000006abc00000|100%| E|CS|TAMS 0x00000006ab800000| PB 0x00000006ab800000| Complete 
| 687|0x00000006abc00000, 0x00000006ac000000, 0x00000006ac000000|100%| E|CS|TAMS 0x00000006abc00000| PB 0x00000006abc00000| Complete 
| 688|0x00000006ac000000, 0x00000006ac400000, 0x00000006ac400000|100%| E|CS|TAMS 0x00000006ac000000| PB 0x00000006ac000000| Complete 
| 689|0x00000006ac400000, 0x00000006ac800000, 0x00000006ac800000|100%| E|CS|TAMS 0x00000006ac400000| PB 0x00000006ac400000| Complete 
| 690|0x00000006ac800000, 0x00000006acc00000, 0x00000006acc00000|100%| E|CS|TAMS 0x00000006ac800000| PB 0x00000006ac800000| Complete 
| 691|0x00000006acc00000, 0x00000006ad000000, 0x00000006ad000000|100%| E|CS|TAMS 0x00000006acc00000| PB 0x00000006acc00000| Complete 
| 692|0x00000006ad000000, 0x00000006ad400000, 0x00000006ad400000|100%| E|CS|TAMS 0x00000006ad000000| PB 0x00000006ad000000| Complete 
| 693|0x00000006ad400000, 0x00000006ad800000, 0x00000006ad800000|100%| E|CS|TAMS 0x00000006ad400000| PB 0x00000006ad400000| Complete 
| 694|0x00000006ad800000, 0x00000006adc00000, 0x00000006adc00000|100%| E|CS|TAMS 0x00000006ad800000| PB 0x00000006ad800000| Complete 
| 695|0x00000006adc00000, 0x00000006ae000000, 0x00000006ae000000|100%| E|CS|TAMS 0x00000006adc00000| PB 0x00000006adc00000| Complete 
| 696|0x00000006ae000000, 0x00000006ae400000, 0x00000006ae400000|100%| E|CS|TAMS 0x00000006ae000000| PB 0x00000006ae000000| Complete 
| 697|0x00000006ae400000, 0x00000006ae800000, 0x00000006ae800000|100%| E|CS|TAMS 0x00000006ae400000| PB 0x00000006ae400000| Complete 
| 698|0x00000006ae800000, 0x00000006aec00000, 0x00000006aec00000|100%| E|CS|TAMS 0x00000006ae800000| PB 0x00000006ae800000| Complete 
| 699|0x00000006aec00000, 0x00000006af000000, 0x00000006af000000|100%| E|CS|TAMS 0x00000006aec00000| PB 0x00000006aec00000| Complete 
| 700|0x00000006af000000, 0x00000006af400000, 0x00000006af400000|100%| E|CS|TAMS 0x00000006af000000| PB 0x00000006af000000| Complete 
| 701|0x00000006af400000, 0x00000006af800000, 0x00000006af800000|100%| E|CS|TAMS 0x00000006af400000| PB 0x00000006af400000| Complete 
| 702|0x00000006af800000, 0x00000006afc00000, 0x00000006afc00000|100%| E|CS|TAMS 0x00000006af800000| PB 0x00000006af800000| Complete 
| 703|0x00000006afc00000, 0x00000006b0000000, 0x00000006b0000000|100%| E|CS|TAMS 0x00000006afc00000| PB 0x00000006afc00000| Complete 
| 704|0x00000006b0000000, 0x00000006b0400000, 0x00000006b0400000|100%| E|CS|TAMS 0x00000006b0000000| PB 0x00000006b0000000| Complete 
| 705|0x00000006b0400000, 0x00000006b0800000, 0x00000006b0800000|100%| E|CS|TAMS 0x00000006b0400000| PB 0x00000006b0400000| Complete 
| 706|0x00000006b0800000, 0x00000006b0c00000, 0x00000006b0c00000|100%| E|CS|TAMS 0x00000006b0800000| PB 0x00000006b0800000| Complete 
| 707|0x00000006b0c00000, 0x00000006b1000000, 0x00000006b1000000|100%| E|CS|TAMS 0x00000006b0c00000| PB 0x00000006b0c00000| Complete 
| 708|0x00000006b1000000, 0x00000006b1400000, 0x00000006b1400000|100%| E|CS|TAMS 0x00000006b1000000| PB 0x00000006b1000000| Complete 
| 709|0x00000006b1400000, 0x00000006b1800000, 0x00000006b1800000|100%| E|CS|TAMS 0x00000006b1400000| PB 0x00000006b1400000| Complete 
| 710|0x00000006b1800000, 0x00000006b1c00000, 0x00000006b1c00000|100%| E|CS|TAMS 0x00000006b1800000| PB 0x00000006b1800000| Complete 
| 711|0x00000006b1c00000, 0x00000006b2000000, 0x00000006b2000000|100%| E|CS|TAMS 0x00000006b1c00000| PB 0x00000006b1c00000| Complete 
| 712|0x00000006b2000000, 0x00000006b2400000, 0x00000006b2400000|100%| E|CS|TAMS 0x00000006b2000000| PB 0x00000006b2000000| Complete 
| 713|0x00000006b2400000, 0x00000006b2800000, 0x00000006b2800000|100%| E|CS|TAMS 0x00000006b2400000| PB 0x00000006b2400000| Complete 
| 714|0x00000006b2800000, 0x00000006b2c00000, 0x00000006b2c00000|100%| E|CS|TAMS 0x00000006b2800000| PB 0x00000006b2800000| Complete 
| 715|0x00000006b2c00000, 0x00000006b3000000, 0x00000006b3000000|100%| E|CS|TAMS 0x00000006b2c00000| PB 0x00000006b2c00000| Complete 
| 716|0x00000006b3000000, 0x00000006b3400000, 0x00000006b3400000|100%| E|CS|TAMS 0x00000006b3000000| PB 0x00000006b3000000| Complete 
| 717|0x00000006b3400000, 0x00000006b3800000, 0x00000006b3800000|100%| E|CS|TAMS 0x00000006b3400000| PB 0x00000006b3400000| Complete 
| 718|0x00000006b3800000, 0x00000006b3c00000, 0x00000006b3c00000|100%| E|CS|TAMS 0x00000006b3800000| PB 0x00000006b3800000| Complete 
| 719|0x00000006b3c00000, 0x00000006b4000000, 0x00000006b4000000|100%| E|CS|TAMS 0x00000006b3c00000| PB 0x00000006b3c00000| Complete 
| 720|0x00000006b4000000, 0x00000006b4400000, 0x00000006b4400000|100%| E|CS|TAMS 0x00000006b4000000| PB 0x00000006b4000000| Complete 
| 721|0x00000006b4400000, 0x00000006b4800000, 0x00000006b4800000|100%| E|CS|TAMS 0x00000006b4400000| PB 0x00000006b4400000| Complete 
| 722|0x00000006b4800000, 0x00000006b4c00000, 0x00000006b4c00000|100%| E|CS|TAMS 0x00000006b4800000| PB 0x00000006b4800000| Complete 
| 723|0x00000006b4c00000, 0x00000006b5000000, 0x00000006b5000000|100%| E|CS|TAMS 0x00000006b4c00000| PB 0x00000006b4c00000| Complete 
| 724|0x00000006b5000000, 0x00000006b5400000, 0x00000006b5400000|100%| E|CS|TAMS 0x00000006b5000000| PB 0x00000006b5000000| Complete 
| 725|0x00000006b5400000, 0x00000006b5800000, 0x00000006b5800000|100%| E|CS|TAMS 0x00000006b5400000| PB 0x00000006b5400000| Complete 
| 726|0x00000006b5800000, 0x00000006b5c00000, 0x00000006b5c00000|100%| E|CS|TAMS 0x00000006b5800000| PB 0x00000006b5800000| Complete 
| 727|0x00000006b5c00000, 0x00000006b6000000, 0x00000006b6000000|100%| E|CS|TAMS 0x00000006b5c00000| PB 0x00000006b5c00000| Complete 
| 728|0x00000006b6000000, 0x00000006b6400000, 0x00000006b6400000|100%| E|CS|TAMS 0x00000006b6000000| PB 0x00000006b6000000| Complete 
| 729|0x00000006b6400000, 0x00000006b6800000, 0x00000006b6800000|100%| E|CS|TAMS 0x00000006b6400000| PB 0x00000006b6400000| Complete 
| 730|0x00000006b6800000, 0x00000006b6c00000, 0x00000006b6c00000|100%| E|CS|TAMS 0x00000006b6800000| PB 0x00000006b6800000| Complete 
| 731|0x00000006b6c00000, 0x00000006b7000000, 0x00000006b7000000|100%| E|CS|TAMS 0x00000006b6c00000| PB 0x00000006b6c00000| Complete 
| 732|0x00000006b7000000, 0x00000006b7400000, 0x00000006b7400000|100%| E|CS|TAMS 0x00000006b7000000| PB 0x00000006b7000000| Complete 
| 733|0x00000006b7400000, 0x00000006b7800000, 0x00000006b7800000|100%| E|CS|TAMS 0x00000006b7400000| PB 0x00000006b7400000| Complete 
| 734|0x00000006b7800000, 0x00000006b7c00000, 0x00000006b7c00000|100%| E|CS|TAMS 0x00000006b7800000| PB 0x00000006b7800000| Complete 
| 735|0x00000006b7c00000, 0x00000006b8000000, 0x00000006b8000000|100%| E|CS|TAMS 0x00000006b7c00000| PB 0x00000006b7c00000| Complete 
| 736|0x00000006b8000000, 0x00000006b8400000, 0x00000006b8400000|100%| E|CS|TAMS 0x00000006b8000000| PB 0x00000006b8000000| Complete 
| 737|0x00000006b8400000, 0x00000006b8800000, 0x00000006b8800000|100%| E|CS|TAMS 0x00000006b8400000| PB 0x00000006b8400000| Complete 
| 738|0x00000006b8800000, 0x00000006b8c00000, 0x00000006b8c00000|100%| E|CS|TAMS 0x00000006b8800000| PB 0x00000006b8800000| Complete 
| 739|0x00000006b8c00000, 0x00000006b9000000, 0x00000006b9000000|100%| E|CS|TAMS 0x00000006b8c00000| PB 0x00000006b8c00000| Complete 
| 740|0x00000006b9000000, 0x00000006b9400000, 0x00000006b9400000|100%| E|CS|TAMS 0x00000006b9000000| PB 0x00000006b9000000| Complete 
| 741|0x00000006b9400000, 0x00000006b9800000, 0x00000006b9800000|100%| E|CS|TAMS 0x00000006b9400000| PB 0x00000006b9400000| Complete 
| 742|0x00000006b9800000, 0x00000006b9c00000, 0x00000006b9c00000|100%| E|CS|TAMS 0x00000006b9800000| PB 0x00000006b9800000| Complete 
| 743|0x00000006b9c00000, 0x00000006ba000000, 0x00000006ba000000|100%| E|CS|TAMS 0x00000006b9c00000| PB 0x00000006b9c00000| Complete 
| 744|0x00000006ba000000, 0x00000006ba400000, 0x00000006ba400000|100%| E|CS|TAMS 0x00000006ba000000| PB 0x00000006ba000000| Complete 
| 745|0x00000006ba400000, 0x00000006ba800000, 0x00000006ba800000|100%| E|CS|TAMS 0x00000006ba400000| PB 0x00000006ba400000| Complete 
| 746|0x00000006ba800000, 0x00000006bac00000, 0x00000006bac00000|100%| E|CS|TAMS 0x00000006ba800000| PB 0x00000006ba800000| Complete 
| 747|0x00000006bac00000, 0x00000006bb000000, 0x00000006bb000000|100%| E|CS|TAMS 0x00000006bac00000| PB 0x00000006bac00000| Complete 
| 748|0x00000006bb000000, 0x00000006bb400000, 0x00000006bb400000|100%| E|CS|TAMS 0x00000006bb000000| PB 0x00000006bb000000| Complete 
| 749|0x00000006bb400000, 0x00000006bb800000, 0x00000006bb800000|100%| E|CS|TAMS 0x00000006bb400000| PB 0x00000006bb400000| Complete 
| 750|0x00000006bb800000, 0x00000006bbc00000, 0x00000006bbc00000|100%| E|CS|TAMS 0x00000006bb800000| PB 0x00000006bb800000| Complete 
| 751|0x00000006bbc00000, 0x00000006bc000000, 0x00000006bc000000|100%| E|CS|TAMS 0x00000006bbc00000| PB 0x00000006bbc00000| Complete 
| 752|0x00000006bc000000, 0x00000006bc400000, 0x00000006bc400000|100%| E|CS|TAMS 0x00000006bc000000| PB 0x00000006bc000000| Complete 
| 753|0x00000006bc400000, 0x00000006bc800000, 0x00000006bc800000|100%| E|CS|TAMS 0x00000006bc400000| PB 0x00000006bc400000| Complete 
| 754|0x00000006bc800000, 0x00000006bcc00000, 0x00000006bcc00000|100%| E|CS|TAMS 0x00000006bc800000| PB 0x00000006bc800000| Complete 
| 755|0x00000006bcc00000, 0x00000006bd000000, 0x00000006bd000000|100%| E|CS|TAMS 0x00000006bcc00000| PB 0x00000006bcc00000| Complete 
| 756|0x00000006bd000000, 0x00000006bd400000, 0x00000006bd400000|100%| E|CS|TAMS 0x00000006bd000000| PB 0x00000006bd000000| Complete 
| 757|0x00000006bd400000, 0x00000006bd800000, 0x00000006bd800000|100%| E|CS|TAMS 0x00000006bd400000| PB 0x00000006bd400000| Complete 
| 758|0x00000006bd800000, 0x00000006bdc00000, 0x00000006bdc00000|100%| E|CS|TAMS 0x00000006bd800000| PB 0x00000006bd800000| Complete 
| 759|0x00000006bdc00000, 0x00000006be000000, 0x00000006be000000|100%| E|CS|TAMS 0x00000006bdc00000| PB 0x00000006bdc00000| Complete 
| 760|0x00000006be000000, 0x00000006be400000, 0x00000006be400000|100%| E|CS|TAMS 0x00000006be000000| PB 0x00000006be000000| Complete 
| 761|0x00000006be400000, 0x00000006be800000, 0x00000006be800000|100%| E|CS|TAMS 0x00000006be400000| PB 0x00000006be400000| Complete 
| 762|0x00000006be800000, 0x00000006bec00000, 0x00000006bec00000|100%| E|CS|TAMS 0x00000006be800000| PB 0x00000006be800000| Complete 
| 763|0x00000006bec00000, 0x00000006bf000000, 0x00000006bf000000|100%| E|CS|TAMS 0x00000006bec00000| PB 0x00000006bec00000| Complete 
| 764|0x00000006bf000000, 0x00000006bf400000, 0x00000006bf400000|100%| E|CS|TAMS 0x00000006bf000000| PB 0x00000006bf000000| Complete 
| 765|0x00000006bf400000, 0x00000006bf800000, 0x00000006bf800000|100%| E|CS|TAMS 0x00000006bf400000| PB 0x00000006bf400000| Complete 
| 766|0x00000006bf800000, 0x00000006bfc00000, 0x00000006bfc00000|100%| E|CS|TAMS 0x00000006bf800000| PB 0x00000006bf800000| Complete 
| 767|0x00000006bfc00000, 0x00000006c0000000, 0x00000006c0000000|100%| E|CS|TAMS 0x00000006bfc00000| PB 0x00000006bfc00000| Complete 
| 768|0x00000006c0000000, 0x00000006c0400000, 0x00000006c0400000|100%| E|CS|TAMS 0x00000006c0000000| PB 0x00000006c0000000| Complete 
| 769|0x00000006c0400000, 0x00000006c0800000, 0x00000006c0800000|100%| E|CS|TAMS 0x00000006c0400000| PB 0x00000006c0400000| Complete 
| 770|0x00000006c0800000, 0x00000006c0c00000, 0x00000006c0c00000|100%| E|CS|TAMS 0x00000006c0800000| PB 0x00000006c0800000| Complete 
| 771|0x00000006c0c00000, 0x00000006c1000000, 0x00000006c1000000|100%| E|CS|TAMS 0x00000006c0c00000| PB 0x00000006c0c00000| Complete 
| 772|0x00000006c1000000, 0x00000006c1400000, 0x00000006c1400000|100%| E|CS|TAMS 0x00000006c1000000| PB 0x00000006c1000000| Complete 
| 773|0x00000006c1400000, 0x00000006c1800000, 0x00000006c1800000|100%| E|CS|TAMS 0x00000006c1400000| PB 0x00000006c1400000| Complete 
| 774|0x00000006c1800000, 0x00000006c1c00000, 0x00000006c1c00000|100%| E|CS|TAMS 0x00000006c1800000| PB 0x00000006c1800000| Complete 
| 775|0x00000006c1c00000, 0x00000006c2000000, 0x00000006c2000000|100%| E|CS|TAMS 0x00000006c1c00000| PB 0x00000006c1c00000| Complete 
| 776|0x00000006c2000000, 0x00000006c2400000, 0x00000006c2400000|100%| E|CS|TAMS 0x00000006c2000000| PB 0x00000006c2000000| Complete 
| 777|0x00000006c2400000, 0x00000006c2800000, 0x00000006c2800000|100%| E|CS|TAMS 0x00000006c2400000| PB 0x00000006c2400000| Complete 
| 778|0x00000006c2800000, 0x00000006c2c00000, 0x00000006c2c00000|100%| E|CS|TAMS 0x00000006c2800000| PB 0x00000006c2800000| Complete 
| 779|0x00000006c2c00000, 0x00000006c3000000, 0x00000006c3000000|100%| E|CS|TAMS 0x00000006c2c00000| PB 0x00000006c2c00000| Complete 
| 780|0x00000006c3000000, 0x00000006c3400000, 0x00000006c3400000|100%| E|CS|TAMS 0x00000006c3000000| PB 0x00000006c3000000| Complete 
| 781|0x00000006c3400000, 0x00000006c3800000, 0x00000006c3800000|100%| E|CS|TAMS 0x00000006c3400000| PB 0x00000006c3400000| Complete 
| 782|0x00000006c3800000, 0x00000006c3c00000, 0x00000006c3c00000|100%| E|CS|TAMS 0x00000006c3800000| PB 0x00000006c3800000| Complete 
| 783|0x00000006c3c00000, 0x00000006c4000000, 0x00000006c4000000|100%| E|CS|TAMS 0x00000006c3c00000| PB 0x00000006c3c00000| Complete 
| 784|0x00000006c4000000, 0x00000006c4400000, 0x00000006c4400000|100%| E|CS|TAMS 0x00000006c4000000| PB 0x00000006c4000000| Complete 
| 785|0x00000006c4400000, 0x00000006c4800000, 0x00000006c4800000|100%| E|CS|TAMS 0x00000006c4400000| PB 0x00000006c4400000| Complete 
| 786|0x00000006c4800000, 0x00000006c4c00000, 0x00000006c4c00000|100%| E|CS|TAMS 0x00000006c4800000| PB 0x00000006c4800000| Complete 
| 787|0x00000006c4c00000, 0x00000006c5000000, 0x00000006c5000000|100%| E|CS|TAMS 0x00000006c4c00000| PB 0x00000006c4c00000| Complete 
| 788|0x00000006c5000000, 0x00000006c5400000, 0x00000006c5400000|100%| E|CS|TAMS 0x00000006c5000000| PB 0x00000006c5000000| Complete 
| 789|0x00000006c5400000, 0x00000006c5800000, 0x00000006c5800000|100%| E|CS|TAMS 0x00000006c5400000| PB 0x00000006c5400000| Complete 
| 790|0x00000006c5800000, 0x00000006c5c00000, 0x00000006c5c00000|100%| E|CS|TAMS 0x00000006c5800000| PB 0x00000006c5800000| Complete 
| 791|0x00000006c5c00000, 0x00000006c6000000, 0x00000006c6000000|100%| E|CS|TAMS 0x00000006c5c00000| PB 0x00000006c5c00000| Complete 
| 792|0x00000006c6000000, 0x00000006c6400000, 0x00000006c6400000|100%| E|CS|TAMS 0x00000006c6000000| PB 0x00000006c6000000| Complete 
| 793|0x00000006c6400000, 0x00000006c6800000, 0x00000006c6800000|100%| E|CS|TAMS 0x00000006c6400000| PB 0x00000006c6400000| Complete 
| 794|0x00000006c6800000, 0x00000006c6c00000, 0x00000006c6c00000|100%| E|CS|TAMS 0x00000006c6800000| PB 0x00000006c6800000| Complete 
| 795|0x00000006c6c00000, 0x00000006c7000000, 0x00000006c7000000|100%| E|CS|TAMS 0x00000006c6c00000| PB 0x00000006c6c00000| Complete 
| 796|0x00000006c7000000, 0x00000006c7400000, 0x00000006c7400000|100%| E|CS|TAMS 0x00000006c7000000| PB 0x00000006c7000000| Complete 
| 797|0x00000006c7400000, 0x00000006c7800000, 0x00000006c7800000|100%| E|CS|TAMS 0x00000006c7400000| PB 0x00000006c7400000| Complete 
| 798|0x00000006c7800000, 0x00000006c7c00000, 0x00000006c7c00000|100%| E|CS|TAMS 0x00000006c7800000| PB 0x00000006c7800000| Complete 
| 799|0x00000006c7c00000, 0x00000006c8000000, 0x00000006c8000000|100%| E|CS|TAMS 0x00000006c7c00000| PB 0x00000006c7c00000| Complete 
| 800|0x00000006c8000000, 0x00000006c8400000, 0x00000006c8400000|100%| E|CS|TAMS 0x00000006c8000000| PB 0x00000006c8000000| Complete 
| 801|0x00000006c8400000, 0x00000006c8800000, 0x00000006c8800000|100%| E|CS|TAMS 0x00000006c8400000| PB 0x00000006c8400000| Complete 
| 802|0x00000006c8800000, 0x00000006c8c00000, 0x00000006c8c00000|100%| E|CS|TAMS 0x00000006c8800000| PB 0x00000006c8800000| Complete 
| 803|0x00000006c8c00000, 0x00000006c9000000, 0x00000006c9000000|100%| E|CS|TAMS 0x00000006c8c00000| PB 0x00000006c8c00000| Complete 
| 804|0x00000006c9000000, 0x00000006c9400000, 0x00000006c9400000|100%| E|CS|TAMS 0x00000006c9000000| PB 0x00000006c9000000| Complete 
| 805|0x00000006c9400000, 0x00000006c9800000, 0x00000006c9800000|100%| E|CS|TAMS 0x00000006c9400000| PB 0x00000006c9400000| Complete 
| 806|0x00000006c9800000, 0x00000006c9c00000, 0x00000006c9c00000|100%| E|CS|TAMS 0x00000006c9800000| PB 0x00000006c9800000| Complete 
| 807|0x00000006c9c00000, 0x00000006ca000000, 0x00000006ca000000|100%| E|CS|TAMS 0x00000006c9c00000| PB 0x00000006c9c00000| Complete 
| 808|0x00000006ca000000, 0x00000006ca400000, 0x00000006ca400000|100%| E|CS|TAMS 0x00000006ca000000| PB 0x00000006ca000000| Complete 
| 809|0x00000006ca400000, 0x00000006ca800000, 0x00000006ca800000|100%| E|CS|TAMS 0x00000006ca400000| PB 0x00000006ca400000| Complete 
| 810|0x00000006ca800000, 0x00000006cac00000, 0x00000006cac00000|100%| E|CS|TAMS 0x00000006ca800000| PB 0x00000006ca800000| Complete 
| 811|0x00000006cac00000, 0x00000006cb000000, 0x00000006cb000000|100%| E|CS|TAMS 0x00000006cac00000| PB 0x00000006cac00000| Complete 
| 812|0x00000006cb000000, 0x00000006cb400000, 0x00000006cb400000|100%| E|CS|TAMS 0x00000006cb000000| PB 0x00000006cb000000| Complete 
| 813|0x00000006cb400000, 0x00000006cb800000, 0x00000006cb800000|100%| E|CS|TAMS 0x00000006cb400000| PB 0x00000006cb400000| Complete 
| 814|0x00000006cb800000, 0x00000006cbc00000, 0x00000006cbc00000|100%| E|CS|TAMS 0x00000006cb800000| PB 0x00000006cb800000| Complete 
| 815|0x00000006cbc00000, 0x00000006cc000000, 0x00000006cc000000|100%| E|CS|TAMS 0x00000006cbc00000| PB 0x00000006cbc00000| Complete 
| 816|0x00000006cc000000, 0x00000006cc400000, 0x00000006cc400000|100%| E|CS|TAMS 0x00000006cc000000| PB 0x00000006cc000000| Complete 
| 817|0x00000006cc400000, 0x00000006cc800000, 0x00000006cc800000|100%| E|CS|TAMS 0x00000006cc400000| PB 0x00000006cc400000| Complete 
| 818|0x00000006cc800000, 0x00000006ccc00000, 0x00000006ccc00000|100%| E|CS|TAMS 0x00000006cc800000| PB 0x00000006cc800000| Complete 
| 819|0x00000006ccc00000, 0x00000006cd000000, 0x00000006cd000000|100%| E|CS|TAMS 0x00000006ccc00000| PB 0x00000006ccc00000| Complete 
| 820|0x00000006cd000000, 0x00000006cd400000, 0x00000006cd400000|100%| E|CS|TAMS 0x00000006cd000000| PB 0x00000006cd000000| Complete 
| 821|0x00000006cd400000, 0x00000006cd800000, 0x00000006cd800000|100%| E|CS|TAMS 0x00000006cd400000| PB 0x00000006cd400000| Complete 
| 822|0x00000006cd800000, 0x00000006cdc00000, 0x00000006cdc00000|100%| E|CS|TAMS 0x00000006cd800000| PB 0x00000006cd800000| Complete 
| 823|0x00000006cdc00000, 0x00000006ce000000, 0x00000006ce000000|100%| E|CS|TAMS 0x00000006cdc00000| PB 0x00000006cdc00000| Complete 
| 824|0x00000006ce000000, 0x00000006ce400000, 0x00000006ce400000|100%| E|CS|TAMS 0x00000006ce000000| PB 0x00000006ce000000| Complete 
| 825|0x00000006ce400000, 0x00000006ce800000, 0x00000006ce800000|100%| E|CS|TAMS 0x00000006ce400000| PB 0x00000006ce400000| Complete 
| 826|0x00000006ce800000, 0x00000006cec00000, 0x00000006cec00000|100%| E|CS|TAMS 0x00000006ce800000| PB 0x00000006ce800000| Complete 
| 827|0x00000006cec00000, 0x00000006cf000000, 0x00000006cf000000|100%| E|CS|TAMS 0x00000006cec00000| PB 0x00000006cec00000| Complete 
| 828|0x00000006cf000000, 0x00000006cf400000, 0x00000006cf400000|100%| E|CS|TAMS 0x00000006cf000000| PB 0x00000006cf000000| Complete 
| 829|0x00000006cf400000, 0x00000006cf800000, 0x00000006cf800000|100%| E|CS|TAMS 0x00000006cf400000| PB 0x00000006cf400000| Complete 
| 830|0x00000006cf800000, 0x00000006cfc00000, 0x00000006cfc00000|100%| E|CS|TAMS 0x00000006cf800000| PB 0x00000006cf800000| Complete 
| 831|0x00000006cfc00000, 0x00000006d0000000, 0x00000006d0000000|100%| E|CS|TAMS 0x00000006cfc00000| PB 0x00000006cfc00000| Complete 
| 832|0x00000006d0000000, 0x00000006d0400000, 0x00000006d0400000|100%| E|CS|TAMS 0x00000006d0000000| PB 0x00000006d0000000| Complete 
| 833|0x00000006d0400000, 0x00000006d0800000, 0x00000006d0800000|100%| E|CS|TAMS 0x00000006d0400000| PB 0x00000006d0400000| Complete 
| 834|0x00000006d0800000, 0x00000006d0c00000, 0x00000006d0c00000|100%| E|CS|TAMS 0x00000006d0800000| PB 0x00000006d0800000| Complete 
| 835|0x00000006d0c00000, 0x00000006d1000000, 0x00000006d1000000|100%| E|CS|TAMS 0x00000006d0c00000| PB 0x00000006d0c00000| Complete 
| 836|0x00000006d1000000, 0x00000006d1400000, 0x00000006d1400000|100%| E|CS|TAMS 0x00000006d1000000| PB 0x00000006d1000000| Complete 
| 837|0x00000006d1400000, 0x00000006d1800000, 0x00000006d1800000|100%| E|CS|TAMS 0x00000006d1400000| PB 0x00000006d1400000| Complete 
| 838|0x00000006d1800000, 0x00000006d1c00000, 0x00000006d1c00000|100%| E|CS|TAMS 0x00000006d1800000| PB 0x00000006d1800000| Complete 
| 839|0x00000006d1c00000, 0x00000006d2000000, 0x00000006d2000000|100%| E|CS|TAMS 0x00000006d1c00000| PB 0x00000006d1c00000| Complete 
| 840|0x00000006d2000000, 0x00000006d2400000, 0x00000006d2400000|100%| E|CS|TAMS 0x00000006d2000000| PB 0x00000006d2000000| Complete 
| 841|0x00000006d2400000, 0x00000006d2800000, 0x00000006d2800000|100%| E|CS|TAMS 0x00000006d2400000| PB 0x00000006d2400000| Complete 
| 842|0x00000006d2800000, 0x00000006d2c00000, 0x00000006d2c00000|100%| E|CS|TAMS 0x00000006d2800000| PB 0x00000006d2800000| Complete 
| 843|0x00000006d2c00000, 0x00000006d3000000, 0x00000006d3000000|100%| E|CS|TAMS 0x00000006d2c00000| PB 0x00000006d2c00000| Complete 
| 844|0x00000006d3000000, 0x00000006d3400000, 0x00000006d3400000|100%| E|CS|TAMS 0x00000006d3000000| PB 0x00000006d3000000| Complete 
| 845|0x00000006d3400000, 0x00000006d3800000, 0x00000006d3800000|100%| E|CS|TAMS 0x00000006d3400000| PB 0x00000006d3400000| Complete 
| 846|0x00000006d3800000, 0x00000006d3c00000, 0x00000006d3c00000|100%| E|CS|TAMS 0x00000006d3800000| PB 0x00000006d3800000| Complete 
| 847|0x00000006d3c00000, 0x00000006d4000000, 0x00000006d4000000|100%| E|CS|TAMS 0x00000006d3c00000| PB 0x00000006d3c00000| Complete 
| 848|0x00000006d4000000, 0x00000006d4400000, 0x00000006d4400000|100%| E|CS|TAMS 0x00000006d4000000| PB 0x00000006d4000000| Complete 
| 849|0x00000006d4400000, 0x00000006d4800000, 0x00000006d4800000|100%| E|CS|TAMS 0x00000006d4400000| PB 0x00000006d4400000| Complete 
| 850|0x00000006d4800000, 0x00000006d4c00000, 0x00000006d4c00000|100%| E|CS|TAMS 0x00000006d4800000| PB 0x00000006d4800000| Complete 
| 851|0x00000006d4c00000, 0x00000006d5000000, 0x00000006d5000000|100%| E|CS|TAMS 0x00000006d4c00000| PB 0x00000006d4c00000| Complete 
| 852|0x00000006d5000000, 0x00000006d5400000, 0x00000006d5400000|100%| E|CS|TAMS 0x00000006d5000000| PB 0x00000006d5000000| Complete 
| 853|0x00000006d5400000, 0x00000006d5800000, 0x00000006d5800000|100%| E|CS|TAMS 0x00000006d5400000| PB 0x00000006d5400000| Complete 
| 854|0x00000006d5800000, 0x00000006d5c00000, 0x00000006d5c00000|100%| E|CS|TAMS 0x00000006d5800000| PB 0x00000006d5800000| Complete 
| 855|0x00000006d5c00000, 0x00000006d6000000, 0x00000006d6000000|100%| E|CS|TAMS 0x00000006d5c00000| PB 0x00000006d5c00000| Complete 
| 856|0x00000006d6000000, 0x00000006d6400000, 0x00000006d6400000|100%| E|CS|TAMS 0x00000006d6000000| PB 0x00000006d6000000| Complete 
| 857|0x00000006d6400000, 0x00000006d6800000, 0x00000006d6800000|100%| E|CS|TAMS 0x00000006d6400000| PB 0x00000006d6400000| Complete 
| 858|0x00000006d6800000, 0x00000006d6c00000, 0x00000006d6c00000|100%| E|CS|TAMS 0x00000006d6800000| PB 0x00000006d6800000| Complete 
| 859|0x00000006d6c00000, 0x00000006d7000000, 0x00000006d7000000|100%| E|CS|TAMS 0x00000006d6c00000| PB 0x00000006d6c00000| Complete 
| 860|0x00000006d7000000, 0x00000006d7400000, 0x00000006d7400000|100%| E|CS|TAMS 0x00000006d7000000| PB 0x00000006d7000000| Complete 
| 861|0x00000006d7400000, 0x00000006d7800000, 0x00000006d7800000|100%| E|CS|TAMS 0x00000006d7400000| PB 0x00000006d7400000| Complete 
| 862|0x00000006d7800000, 0x00000006d7c00000, 0x00000006d7c00000|100%| E|CS|TAMS 0x00000006d7800000| PB 0x00000006d7800000| Complete 
| 863|0x00000006d7c00000, 0x00000006d8000000, 0x00000006d8000000|100%| E|CS|TAMS 0x00000006d7c00000| PB 0x00000006d7c00000| Complete 
| 864|0x00000006d8000000, 0x00000006d8400000, 0x00000006d8400000|100%| E|CS|TAMS 0x00000006d8000000| PB 0x00000006d8000000| Complete 
| 865|0x00000006d8400000, 0x00000006d8800000, 0x00000006d8800000|100%| E|CS|TAMS 0x00000006d8400000| PB 0x00000006d8400000| Complete 
| 866|0x00000006d8800000, 0x00000006d8c00000, 0x00000006d8c00000|100%| E|CS|TAMS 0x00000006d8800000| PB 0x00000006d8800000| Complete 
| 867|0x00000006d8c00000, 0x00000006d9000000, 0x00000006d9000000|100%| E|CS|TAMS 0x00000006d8c00000| PB 0x00000006d8c00000| Complete 
| 868|0x00000006d9000000, 0x00000006d9400000, 0x00000006d9400000|100%| E|CS|TAMS 0x00000006d9000000| PB 0x00000006d9000000| Complete 
| 869|0x00000006d9400000, 0x00000006d9800000, 0x00000006d9800000|100%| E|CS|TAMS 0x00000006d9400000| PB 0x00000006d9400000| Complete 
| 870|0x00000006d9800000, 0x00000006d9c00000, 0x00000006d9c00000|100%| E|CS|TAMS 0x00000006d9800000| PB 0x00000006d9800000| Complete 
| 871|0x00000006d9c00000, 0x00000006da000000, 0x00000006da000000|100%| E|CS|TAMS 0x00000006d9c00000| PB 0x00000006d9c00000| Complete 
| 872|0x00000006da000000, 0x00000006da400000, 0x00000006da400000|100%| E|CS|TAMS 0x00000006da000000| PB 0x00000006da000000| Complete 
| 873|0x00000006da400000, 0x00000006da800000, 0x00000006da800000|100%| E|CS|TAMS 0x00000006da400000| PB 0x00000006da400000| Complete 
| 874|0x00000006da800000, 0x00000006dac00000, 0x00000006dac00000|100%| E|CS|TAMS 0x00000006da800000| PB 0x00000006da800000| Complete 
| 875|0x00000006dac00000, 0x00000006db000000, 0x00000006db000000|100%| E|CS|TAMS 0x00000006dac00000| PB 0x00000006dac00000| Complete 
| 876|0x00000006db000000, 0x00000006db400000, 0x00000006db400000|100%| E|CS|TAMS 0x00000006db000000| PB 0x00000006db000000| Complete 
| 877|0x00000006db400000, 0x00000006db800000, 0x00000006db800000|100%| E|CS|TAMS 0x00000006db400000| PB 0x00000006db400000| Complete 
| 878|0x00000006db800000, 0x00000006dbc00000, 0x00000006dbc00000|100%| E|CS|TAMS 0x00000006db800000| PB 0x00000006db800000| Complete 
| 879|0x00000006dbc00000, 0x00000006dc000000, 0x00000006dc000000|100%| E|CS|TAMS 0x00000006dbc00000| PB 0x00000006dbc00000| Complete 
| 880|0x00000006dc000000, 0x00000006dc400000, 0x00000006dc400000|100%| E|CS|TAMS 0x00000006dc000000| PB 0x00000006dc000000| Complete 
| 881|0x00000006dc400000, 0x00000006dc800000, 0x00000006dc800000|100%| E|CS|TAMS 0x00000006dc400000| PB 0x00000006dc400000| Complete 
| 882|0x00000006dc800000, 0x00000006dcc00000, 0x00000006dcc00000|100%| E|CS|TAMS 0x00000006dc800000| PB 0x00000006dc800000| Complete 
| 883|0x00000006dcc00000, 0x00000006dd000000, 0x00000006dd000000|100%| E|CS|TAMS 0x00000006dcc00000| PB 0x00000006dcc00000| Complete 
| 884|0x00000006dd000000, 0x00000006dd400000, 0x00000006dd400000|100%| E|CS|TAMS 0x00000006dd000000| PB 0x00000006dd000000| Complete 
| 885|0x00000006dd400000, 0x00000006dd800000, 0x00000006dd800000|100%| E|CS|TAMS 0x00000006dd400000| PB 0x00000006dd400000| Complete 
| 886|0x00000006dd800000, 0x00000006ddc00000, 0x00000006ddc00000|100%| E|CS|TAMS 0x00000006dd800000| PB 0x00000006dd800000| Complete 
| 887|0x00000006ddc00000, 0x00000006de000000, 0x00000006de000000|100%| E|CS|TAMS 0x00000006ddc00000| PB 0x00000006ddc00000| Complete 
| 888|0x00000006de000000, 0x00000006de400000, 0x00000006de400000|100%| E|CS|TAMS 0x00000006de000000| PB 0x00000006de000000| Complete 
| 889|0x00000006de400000, 0x00000006de800000, 0x00000006de800000|100%| E|CS|TAMS 0x00000006de400000| PB 0x00000006de400000| Complete 
| 890|0x00000006de800000, 0x00000006dec00000, 0x00000006dec00000|100%| E|CS|TAMS 0x00000006de800000| PB 0x00000006de800000| Complete 
| 891|0x00000006dec00000, 0x00000006df000000, 0x00000006df000000|100%| E|CS|TAMS 0x00000006dec00000| PB 0x00000006dec00000| Complete 
| 892|0x00000006df000000, 0x00000006df400000, 0x00000006df400000|100%| E|CS|TAMS 0x00000006df000000| PB 0x00000006df000000| Complete 
| 893|0x00000006df400000, 0x00000006df800000, 0x00000006df800000|100%| E|CS|TAMS 0x00000006df400000| PB 0x00000006df400000| Complete 
| 894|0x00000006df800000, 0x00000006dfc00000, 0x00000006dfc00000|100%| E|CS|TAMS 0x00000006df800000| PB 0x00000006df800000| Complete 
| 895|0x00000006dfc00000, 0x00000006e0000000, 0x00000006e0000000|100%| E|CS|TAMS 0x00000006dfc00000| PB 0x00000006dfc00000| Complete 
| 896|0x00000006e0000000, 0x00000006e0400000, 0x00000006e0400000|100%| E|CS|TAMS 0x00000006e0000000| PB 0x00000006e0000000| Complete 
| 897|0x00000006e0400000, 0x00000006e0800000, 0x00000006e0800000|100%| E|CS|TAMS 0x00000006e0400000| PB 0x00000006e0400000| Complete 
| 898|0x00000006e0800000, 0x00000006e0c00000, 0x00000006e0c00000|100%| E|CS|TAMS 0x00000006e0800000| PB 0x00000006e0800000| Complete 
| 899|0x00000006e0c00000, 0x00000006e1000000, 0x00000006e1000000|100%| E|CS|TAMS 0x00000006e0c00000| PB 0x00000006e0c00000| Complete 
| 900|0x00000006e1000000, 0x00000006e1400000, 0x00000006e1400000|100%| E|CS|TAMS 0x00000006e1000000| PB 0x00000006e1000000| Complete 
| 901|0x00000006e1400000, 0x00000006e1800000, 0x00000006e1800000|100%| E|CS|TAMS 0x00000006e1400000| PB 0x00000006e1400000| Complete 
| 902|0x00000006e1800000, 0x00000006e1c00000, 0x00000006e1c00000|100%| E|CS|TAMS 0x00000006e1800000| PB 0x00000006e1800000| Complete 
| 903|0x00000006e1c00000, 0x00000006e2000000, 0x00000006e2000000|100%| E|CS|TAMS 0x00000006e1c00000| PB 0x00000006e1c00000| Complete 
| 904|0x00000006e2000000, 0x00000006e2400000, 0x00000006e2400000|100%| E|CS|TAMS 0x00000006e2000000| PB 0x00000006e2000000| Complete 
| 905|0x00000006e2400000, 0x00000006e2800000, 0x00000006e2800000|100%| E|CS|TAMS 0x00000006e2400000| PB 0x00000006e2400000| Complete 
| 906|0x00000006e2800000, 0x00000006e2c00000, 0x00000006e2c00000|100%| E|CS|TAMS 0x00000006e2800000| PB 0x00000006e2800000| Complete 
| 907|0x00000006e2c00000, 0x00000006e3000000, 0x00000006e3000000|100%| E|CS|TAMS 0x00000006e2c00000| PB 0x00000006e2c00000| Complete 
| 908|0x00000006e3000000, 0x00000006e3400000, 0x00000006e3400000|100%| E|CS|TAMS 0x00000006e3000000| PB 0x00000006e3000000| Complete 
| 909|0x00000006e3400000, 0x00000006e3800000, 0x00000006e3800000|100%| E|CS|TAMS 0x00000006e3400000| PB 0x00000006e3400000| Complete 
| 910|0x00000006e3800000, 0x00000006e3c00000, 0x00000006e3c00000|100%| E|CS|TAMS 0x00000006e3800000| PB 0x00000006e3800000| Complete 
| 911|0x00000006e3c00000, 0x00000006e4000000, 0x00000006e4000000|100%| E|CS|TAMS 0x00000006e3c00000| PB 0x00000006e3c00000| Complete 
| 912|0x00000006e4000000, 0x00000006e4400000, 0x00000006e4400000|100%| E|CS|TAMS 0x00000006e4000000| PB 0x00000006e4000000| Complete 
| 913|0x00000006e4400000, 0x00000006e4800000, 0x00000006e4800000|100%| E|CS|TAMS 0x00000006e4400000| PB 0x00000006e4400000| Complete 
| 914|0x00000006e4800000, 0x00000006e4c00000, 0x00000006e4c00000|100%| E|CS|TAMS 0x00000006e4800000| PB 0x00000006e4800000| Complete 
| 915|0x00000006e4c00000, 0x00000006e5000000, 0x00000006e5000000|100%| E|CS|TAMS 0x00000006e4c00000| PB 0x00000006e4c00000| Complete 
| 916|0x00000006e5000000, 0x00000006e5400000, 0x00000006e5400000|100%| E|CS|TAMS 0x00000006e5000000| PB 0x00000006e5000000| Complete 
| 917|0x00000006e5400000, 0x00000006e5800000, 0x00000006e5800000|100%| E|CS|TAMS 0x00000006e5400000| PB 0x00000006e5400000| Complete 
| 918|0x00000006e5800000, 0x00000006e5c00000, 0x00000006e5c00000|100%| E|CS|TAMS 0x00000006e5800000| PB 0x00000006e5800000| Complete 
| 919|0x00000006e5c00000, 0x00000006e6000000, 0x00000006e6000000|100%| E|CS|TAMS 0x00000006e5c00000| PB 0x00000006e5c00000| Complete 
| 920|0x00000006e6000000, 0x00000006e6400000, 0x00000006e6400000|100%| E|CS|TAMS 0x00000006e6000000| PB 0x00000006e6000000| Complete 
| 921|0x00000006e6400000, 0x00000006e6800000, 0x00000006e6800000|100%| E|CS|TAMS 0x00000006e6400000| PB 0x00000006e6400000| Complete 
| 922|0x00000006e6800000, 0x00000006e6c00000, 0x00000006e6c00000|100%| E|CS|TAMS 0x00000006e6800000| PB 0x00000006e6800000| Complete 
| 923|0x00000006e6c00000, 0x00000006e7000000, 0x00000006e7000000|100%| E|CS|TAMS 0x00000006e6c00000| PB 0x00000006e6c00000| Complete 
| 924|0x00000006e7000000, 0x00000006e7400000, 0x00000006e7400000|100%| E|CS|TAMS 0x00000006e7000000| PB 0x00000006e7000000| Complete 
| 925|0x00000006e7400000, 0x00000006e7800000, 0x00000006e7800000|100%| E|CS|TAMS 0x00000006e7400000| PB 0x00000006e7400000| Complete 
| 926|0x00000006e7800000, 0x00000006e7c00000, 0x00000006e7c00000|100%| E|CS|TAMS 0x00000006e7800000| PB 0x00000006e7800000| Complete 
| 927|0x00000006e7c00000, 0x00000006e8000000, 0x00000006e8000000|100%| E|CS|TAMS 0x00000006e7c00000| PB 0x00000006e7c00000| Complete 
| 928|0x00000006e8000000, 0x00000006e8400000, 0x00000006e8400000|100%| E|CS|TAMS 0x00000006e8000000| PB 0x00000006e8000000| Complete 
| 929|0x00000006e8400000, 0x00000006e8800000, 0x00000006e8800000|100%| E|CS|TAMS 0x00000006e8400000| PB 0x00000006e8400000| Complete 
| 930|0x00000006e8800000, 0x00000006e8c00000, 0x00000006e8c00000|100%| E|CS|TAMS 0x00000006e8800000| PB 0x00000006e8800000| Complete 
| 931|0x00000006e8c00000, 0x00000006e9000000, 0x00000006e9000000|100%| E|CS|TAMS 0x00000006e8c00000| PB 0x00000006e8c00000| Complete 
| 932|0x00000006e9000000, 0x00000006e9400000, 0x00000006e9400000|100%| E|CS|TAMS 0x00000006e9000000| PB 0x00000006e9000000| Complete 
| 933|0x00000006e9400000, 0x00000006e9800000, 0x00000006e9800000|100%| E|CS|TAMS 0x00000006e9400000| PB 0x00000006e9400000| Complete 
| 934|0x00000006e9800000, 0x00000006e9c00000, 0x00000006e9c00000|100%| E|CS|TAMS 0x00000006e9800000| PB 0x00000006e9800000| Complete 
| 935|0x00000006e9c00000, 0x00000006ea000000, 0x00000006ea000000|100%| E|CS|TAMS 0x00000006e9c00000| PB 0x00000006e9c00000| Complete 
| 936|0x00000006ea000000, 0x00000006ea400000, 0x00000006ea400000|100%| E|CS|TAMS 0x00000006ea000000| PB 0x00000006ea000000| Complete 
| 937|0x00000006ea400000, 0x00000006ea800000, 0x00000006ea800000|100%| E|CS|TAMS 0x00000006ea400000| PB 0x00000006ea400000| Complete 
| 938|0x00000006ea800000, 0x00000006eac00000, 0x00000006eac00000|100%| E|CS|TAMS 0x00000006ea800000| PB 0x00000006ea800000| Complete 
| 939|0x00000006eac00000, 0x00000006eb000000, 0x00000006eb000000|100%| E|CS|TAMS 0x00000006eac00000| PB 0x00000006eac00000| Complete 
| 940|0x00000006eb000000, 0x00000006eb400000, 0x00000006eb400000|100%| E|CS|TAMS 0x00000006eb000000| PB 0x00000006eb000000| Complete 
| 941|0x00000006eb400000, 0x00000006eb800000, 0x00000006eb800000|100%| E|CS|TAMS 0x00000006eb400000| PB 0x00000006eb400000| Complete 
| 942|0x00000006eb800000, 0x00000006ebc00000, 0x00000006ebc00000|100%| E|CS|TAMS 0x00000006eb800000| PB 0x00000006eb800000| Complete 
| 943|0x00000006ebc00000, 0x00000006ec000000, 0x00000006ec000000|100%| E|CS|TAMS 0x00000006ebc00000| PB 0x00000006ebc00000| Complete 
| 944|0x00000006ec000000, 0x00000006ec400000, 0x00000006ec400000|100%| E|CS|TAMS 0x00000006ec000000| PB 0x00000006ec000000| Complete 
| 945|0x00000006ec400000, 0x00000006ec800000, 0x00000006ec800000|100%| E|CS|TAMS 0x00000006ec400000| PB 0x00000006ec400000| Complete 
|2022|0x00000007f9800000, 0x00000007f9c00000, 0x00000007f9c00000|100%| O|  |TAMS 0x00000007f9800000| PB 0x00000007f9800000| Untracked 
|2023|0x00000007f9c00000, 0x00000007fa000000, 0x00000007fa000000|100%| O|  |TAMS 0x00000007f9c00000| PB 0x00000007f9c00000| Untracked 
|2024|0x00000007fa000000, 0x00000007fa400000, 0x00000007fa400000|100%| E|CS|TAMS 0x00000007fa000000| PB 0x00000007fa000000| Complete 
|2025|0x00000007fa400000, 0x00000007fa800000, 0x00000007fa800000|100%| E|CS|TAMS 0x00000007fa400000| PB 0x00000007fa400000| Complete 
|2026|0x00000007fa800000, 0x00000007fac00000, 0x00000007fac00000|100%| E|CS|TAMS 0x00000007fa800000| PB 0x00000007fa800000| Complete 
|2027|0x00000007fac00000, 0x00000007fb000000, 0x00000007fb000000|100%| E|CS|TAMS 0x00000007fac00000| PB 0x00000007fac00000| Complete 
|2028|0x00000007fb000000, 0x00000007fb400000, 0x00000007fb400000|100%| E|CS|TAMS 0x00000007fb000000| PB 0x00000007fb000000| Complete 
|2029|0x00000007fb400000, 0x00000007fb800000, 0x00000007fb800000|100%| E|CS|TAMS 0x00000007fb400000| PB 0x00000007fb400000| Complete 
|2030|0x00000007fb800000, 0x00000007fbc00000, 0x00000007fbc00000|100%| E|CS|TAMS 0x00000007fb800000| PB 0x00000007fb800000| Complete 
|2031|0x00000007fbc00000, 0x00000007fc000000, 0x00000007fc000000|100%| O|  |TAMS 0x00000007fbc00000| PB 0x00000007fbc00000| Untracked 
|2032|0x00000007fc000000, 0x00000007fc400000, 0x00000007fc400000|100%| E|CS|TAMS 0x00000007fc000000| PB 0x00000007fc000000| Complete 
|2033|0x00000007fc400000, 0x00000007fc800000, 0x00000007fc800000|100%| O|  |TAMS 0x00000007fc400000| PB 0x00000007fc400000| Untracked 
|2034|0x00000007fc800000, 0x00000007fcc00000, 0x00000007fcc00000|100%| O|  |TAMS 0x00000007fc800000| PB 0x00000007fc800000| Untracked 
|2035|0x00000007fcc00000, 0x00000007fd000000, 0x00000007fd000000|100%| O|  |TAMS 0x00000007fcc00000| PB 0x00000007fcc00000| Untracked 
|2036|0x00000007fd000000, 0x00000007fd400000, 0x00000007fd400000|100%| O|  |TAMS 0x00000007fd000000| PB 0x00000007fd000000| Untracked 
|2037|0x00000007fd400000, 0x00000007fd800000, 0x00000007fd800000|100%| O|  |TAMS 0x00000007fd400000| PB 0x00000007fd400000| Untracked 
|2038|0x00000007fd800000, 0x00000007fdc00000, 0x00000007fdc00000|100%| E|CS|TAMS 0x00000007fd800000| PB 0x00000007fd800000| Complete 
|2039|0x00000007fdc00000, 0x00000007fe000000, 0x00000007fe000000|100%| E|CS|TAMS 0x00000007fdc00000| PB 0x00000007fdc00000| Complete 
|2040|0x00000007fe000000, 0x00000007fe400000, 0x00000007fe400000|100%| E|CS|TAMS 0x00000007fe000000| PB 0x00000007fe000000| Complete 
|2041|0x00000007fe400000, 0x00000007fe800000, 0x00000007fe800000|100%| E|CS|TAMS 0x00000007fe400000| PB 0x00000007fe400000| Complete 
|2042|0x00000007fe800000, 0x00000007fec00000, 0x00000007fec00000|100%| O|  |TAMS 0x00000007fe800000| PB 0x00000007fe800000| Untracked 
|2043|0x00000007fec00000, 0x00000007ff000000, 0x00000007ff000000|100%| E|CS|TAMS 0x00000007fec00000| PB 0x00000007fec00000| Complete 
|2044|0x00000007ff000000, 0x00000007ff400000, 0x00000007ff400000|100%| E|CS|TAMS 0x00000007ff000000| PB 0x00000007ff000000| Complete 
|2045|0x00000007ff400000, 0x00000007ff800000, 0x00000007ff800000|100%| E|CS|TAMS 0x00000007ff400000| PB 0x00000007ff400000| Complete 
|2046|0x00000007ff800000, 0x00000007ffc00000, 0x00000007ffc00000|100%| E|CS|TAMS 0x00000007ff800000| PB 0x00000007ff800000| Complete 
|2047|0x00000007ffc00000, 0x0000000800000000, 0x0000000800000000|100%| E|CS|TAMS 0x00000007ffc00000| PB 0x00000007ffc00000| Complete 

Card table byte_map: [0x000000011d328000,0x000000011e328000] _byte_map_base: 0x000000011a328000

Marking Bits: (CMBitMap*) 0x0000000128008210
 Bits: [0x0000000130800000, 0x0000000138800000)

Polling page: 0x000000010088c000

Metaspace:

Usage:
  Non-class:    413.76 MB used.
      Class:     98.06 MB used.
       Both:    511.82 MB used.

Virtual space:
  Non-class space:      448.00 MB reserved,     417.25 MB ( 93%) committed,  7 nodes.
      Class space:        1.00 GB reserved,     100.94 MB ( 10%) committed,  1 nodes.
             Both:        1.44 GB reserved,     518.19 MB ( 35%) committed. 

Chunk freelists:
   Non-Class:  14.64 MB
       Class:  11.11 MB
        Both:  25.75 MB

MaxMetaspaceSize: unlimited
CompressedClassSpaceSize: 1.00 GB
Initial GC threshold: 21.00 MB
Current GC threshold: 863.69 MB
CDS: on
 - commit_granule_bytes: 65536.
 - commit_granule_words: 8192.
 - virtual_space_node_default_size: 8388608.
 - enlarge_chunks_in_place: 1.
 - use_allocation_guard: 0.


Internal statistics:

num_allocs_failed_limit: 470.
num_arena_births: 11582.
num_arena_deaths: 106.
num_vsnodes_births: 8.
num_vsnodes_deaths: 0.
num_space_committed: 8285.
num_space_uncommitted: 0.
num_chunks_returned_to_freelist: 605.
num_chunks_taken_from_freelist: 40003.
num_chunk_merges: 514.
num_chunk_splits: 23915.
num_chunks_enlarged: 14089.
num_inconsistent_stats: 0.

CodeHeap 'non-profiled nmethods': size=120032Kb used=49331Kb max_used=49844Kb free=70700Kb
 bounds [0x0000000115df0000, 0x0000000118eb0000, 0x000000011d328000]
CodeHeap 'profiled nmethods': size=120016Kb used=27199Kb max_used=88985Kb free=92816Kb
 bounds [0x000000010e328000, 0x0000000113bf8000, 0x000000011585c000]
CodeHeap 'non-nmethods': size=5712Kb used=4247Kb max_used=4393Kb free=1464Kb
 bounds [0x000000011585c000, 0x0000000115ccc000, 0x0000000115df0000]
CodeCache: size=245760Kb, used=80777Kb, max_used=143222Kb, free=164980Kb
 total_blobs=23244, nmethods=19559, adapters=3586, full_count=0
Compilation: enabled, stopped_count=0, restarted_count=0

Compilation events (20 events):
Event: 408.244 Thread 0x000000012805ac00 102835       4       net.minecraft.world.level.material.FluidState::getFlow (11 bytes)
Event: 408.246 Thread 0x000000012805ac00 nmethod 102835 0x00000001162c0a10 code [0x00000001162c0bc0, 0x00000001162c0d80]
Event: 408.881 Thread 0x000000012805ac00 102844   !   4       net.minecraft.server.packs.resources.ResourceMetadata::fromJsonStream (55 bytes)
Event: 408.888 Thread 0x000000012805ac00 nmethod 102844 0x0000000116d14d10 code [0x0000000116d14fc0, 0x0000000116d15fc8]
Event: 408.895 Thread 0x000000012805ac00 102845       4       net.minecraft.server.packs.resources.FallbackResourceManager$$Lambda/0x0000007005c5f530::get (16 bytes)
Event: 408.908 Thread 0x000000012805ac00 nmethod 102845 0x00000001162b6790 code [0x00000001162b6b00, 0x00000001162b7cf8]
Event: 409.011 Thread 0x000000012805ac00 102848       4       net.minecraft.core.BlockPos::east (22 bytes)
Event: 409.012 Thread 0x000000012805ac00 nmethod 102848 0x00000001161a8690 code [0x00000001161a8800, 0x00000001161a8900]
Event: 409.195 Thread 0x000000012805ac00 102852       4       net.minecraft.core.BlockPos::north (22 bytes)
Event: 409.196 Thread 0x000000012805ac00 nmethod 102852 0x0000000116233e10 code [0x0000000116233f80, 0x0000000116234080]
Event: 409.214 Thread 0x000000012805b400 102853       1       mezz.jei.library.focus.Focus::getTypedValue (5 bytes)
Event: 409.214 Thread 0x000000012805b400 nmethod 102853 0x0000000115f5aa10 code [0x0000000115f5ab80, 0x0000000115f5ac28]
Event: 409.215 Thread 0x000000012805ac00 102854       4       mekanism.common.attachments.containers.ContainerType$$Lambda/0x000000700372c180::create (13 bytes)
Event: 409.216 Thread 0x000000012805b400 102855       3       mezz.jei.library.recipes.RecipeManagerInternal$$Lambda/0x000000700719d1f8::test (14 bytes)
Event: 409.216 Thread 0x000000012805b400 nmethod 102855 0x000000010e731b90 code [0x000000010e731d40, 0x000000010e732010]
Event: 409.216 Thread 0x000000012805ac00 nmethod 102854 0x00000001162a8610 code [0x00000001162a8780, 0x00000001162a8888]
Event: 409.353 Thread 0x000000012805ac00 102857       4       mezz.jei.library.plugins.vanilla.crafting.CraftingRecipeCategory::draw (15 bytes)
Event: 409.359 Thread 0x000000012805ac00 nmethod 102857 0x000000011691b790 code [0x000000011691ba40, 0x000000011691c450]
Event: 409.359 Thread 0x000000012805ac00 102858       4       mezz.jei.library.plugins.vanilla.crafting.CraftingRecipeCategory::draw (74 bytes)
Event: 409.364 Thread 0x000000012805ac00 nmethod 102858 0x0000000118956f90 code [0x0000000118957240, 0x0000000118957c30]

GC Heap History (20 events):
Event: 362.753 GC heap before
{Heap before GC invocations=174 (full 0):
 garbage-first heap   total 3981312K, used 3772957K [0x0000000600000000, 0x0000000800000000)
  region size 4096K, 467 young (1912832K), 6 survivors (24576K)
 Metaspace       used 523841K, committed 530304K, reserved 1507328K
  class space    used 100394K, committed 103296K, reserved 1048576K
}
Event: 362.759 GC heap after
{Heap after GC invocations=175 (full 0):
 garbage-first heap   total 3981312K, used 1882176K [0x0000000600000000, 0x0000000800000000)
  region size 4096K, 6 young (24576K), 6 survivors (24576K)
 Metaspace       used 523841K, committed 530304K, reserved 1507328K
  class space    used 100394K, committed 103296K, reserved 1048576K
}
Event: 367.034 GC heap before
{Heap before GC invocations=175 (full 0):
 garbage-first heap   total 3981312K, used 3770432K [0x0000000600000000, 0x0000000800000000)
  region size 4096K, 467 young (1912832K), 6 survivors (24576K)
 Metaspace       used 523844K, committed 530304K, reserved 1507328K
  class space    used 100394K, committed 103296K, reserved 1048576K
}
Event: 367.040 GC heap after
{Heap after GC invocations=176 (full 0):
 garbage-first heap   total 3981312K, used 1874415K [0x0000000600000000, 0x0000000800000000)
  region size 4096K, 5 young (20480K), 5 survivors (20480K)
 Metaspace       used 523844K, committed 530304K, reserved 1507328K
  class space    used 100394K, committed 103296K, reserved 1048576K
}
Event: 371.718 GC heap before
{Heap before GC invocations=176 (full 0):
 garbage-first heap   total 3981312K, used 3774959K [0x0000000600000000, 0x0000000800000000)
  region size 4096K, 469 young (1921024K), 5 survivors (20480K)
 Metaspace       used 523864K, committed 530368K, reserved 1507328K
  class space    used 100394K, committed 103296K, reserved 1048576K
}
Event: 371.726 GC heap after
{Heap after GC invocations=177 (full 0):
 garbage-first heap   total 3981312K, used 1874842K [0x0000000600000000, 0x0000000800000000)
  region size 4096K, 6 young (24576K), 6 survivors (24576K)
 Metaspace       used 523864K, committed 530368K, reserved 1507328K
  class space    used 100394K, committed 103296K, reserved 1048576K
}
Event: 376.760 GC heap before
{Heap before GC invocations=178 (full 0):
 garbage-first heap   total 3981312K, used 3693466K [0x0000000600000000, 0x0000000800000000)
  region size 4096K, 469 young (1921024K), 6 survivors (24576K)
 Metaspace       used 523865K, committed 530368K, reserved 1507328K
  class space    used 100394K, committed 103296K, reserved 1048576K
}
Event: 376.769 GC heap after
{Heap after GC invocations=179 (full 0):
 garbage-first heap   total 3981312K, used 1797851K [0x0000000600000000, 0x0000000800000000)
  region size 4096K, 6 young (24576K), 6 survivors (24576K)
 Metaspace       used 523865K, committed 530368K, reserved 1507328K
  class space    used 100394K, committed 103296K, reserved 1048576K
}
Event: 381.605 GC heap before
{Heap before GC invocations=179 (full 0):
 garbage-first heap   total 3981312K, used 3772123K [0x0000000600000000, 0x0000000800000000)
  region size 4096K, 488 young (1998848K), 6 survivors (24576K)
 Metaspace       used 523878K, committed 530368K, reserved 1507328K
  class space    used 100394K, committed 103296K, reserved 1048576K
}
Event: 381.610 GC heap after
{Heap after GC invocations=180 (full 0):
 garbage-first heap   total 3981312K, used 1782663K [0x0000000600000000, 0x0000000800000000)
  region size 4096K, 6 young (24576K), 6 survivors (24576K)
 Metaspace       used 523878K, committed 530368K, reserved 1507328K
  class space    used 100394K, committed 103296K, reserved 1048576K
}
Event: 386.469 GC heap before
{Heap before GC invocations=180 (full 0):
 garbage-first heap   total 3981312K, used 3769223K [0x0000000600000000, 0x0000000800000000)
  region size 4096K, 492 young (2015232K), 6 survivors (24576K)
 Metaspace       used 524064K, committed 530624K, reserved 1507328K
  class space    used 100411K, committed 103360K, reserved 1048576K
}
Event: 386.475 GC heap after
{Heap after GC invocations=181 (full 0):
 garbage-first heap   total 3981312K, used 1783314K [0x0000000600000000, 0x0000000800000000)
  region size 4096K, 6 young (24576K), 6 survivors (24576K)
 Metaspace       used 524064K, committed 530624K, reserved 1507328K
  class space    used 100411K, committed 103360K, reserved 1048576K
}
Event: 391.769 GC heap before
{Heap before GC invocations=182 (full 0):
 garbage-first heap   total 3981312K, used 3769874K [0x0000000600000000, 0x0000000800000000)
  region size 4096K, 491 young (2011136K), 6 survivors (24576K)
 Metaspace       used 524071K, committed 530624K, reserved 1507328K
  class space    used 100411K, committed 103360K, reserved 1048576K
}
Event: 391.774 GC heap after
{Heap after GC invocations=183 (full 0):
 garbage-first heap   total 3981312K, used 1783369K [0x0000000600000000, 0x0000000800000000)
  region size 4096K, 5 young (20480K), 5 survivors (20480K)
 Metaspace       used 524071K, committed 530624K, reserved 1507328K
  class space    used 100411K, committed 103360K, reserved 1048576K
}
Event: 396.400 GC heap before
{Heap before GC invocations=183 (full 0):
 garbage-first heap   total 3981312K, used 3774025K [0x0000000600000000, 0x0000000800000000)
  region size 4096K, 491 young (2011136K), 5 survivors (20480K)
 Metaspace       used 524072K, committed 530624K, reserved 1507328K
  class space    used 100411K, committed 103360K, reserved 1048576K
}
Event: 396.407 GC heap after
{Heap after GC invocations=184 (full 0):
 garbage-first heap   total 3981312K, used 1774092K [0x0000000600000000, 0x0000000800000000)
  region size 4096K, 5 young (20480K), 5 survivors (20480K)
 Metaspace       used 524072K, committed 530624K, reserved 1507328K
  class space    used 100411K, committed 103360K, reserved 1048576K
}
Event: 401.228 GC heap before
{Heap before GC invocations=184 (full 0):
 garbage-first heap   total 3981312K, used 3772940K [0x0000000600000000, 0x0000000800000000)
  region size 4096K, 493 young (2019328K), 5 survivors (20480K)
 Metaspace       used 524078K, committed 530624K, reserved 1507328K
  class space    used 100411K, committed 103360K, reserved 1048576K
}
Event: 401.235 GC heap after
{Heap after GC invocations=185 (full 0):
 garbage-first heap   total 3981312K, used 1774633K [0x0000000600000000, 0x0000000800000000)
  region size 4096K, 5 young (20480K), 5 survivors (20480K)
 Metaspace       used 524078K, committed 530624K, reserved 1507328K
  class space    used 100411K, committed 103360K, reserved 1048576K
}
Event: 406.458 GC heap before
{Heap before GC invocations=186 (full 0):
 garbage-first heap   total 3981312K, used 3765289K [0x0000000600000000, 0x0000000800000000)
  region size 4096K, 492 young (2015232K), 5 survivors (20480K)
 Metaspace       used 524105K, committed 530624K, reserved 1507328K
  class space    used 100411K, committed 103360K, reserved 1048576K
}
Event: 406.463 GC heap after
{Heap after GC invocations=187 (full 0):
 garbage-first heap   total 3981312K, used 1776347K [0x0000000600000000, 0x0000000800000000)
  region size 4096K, 5 young (20480K), 5 survivors (20480K)
 Metaspace       used 524105K, committed 530624K, reserved 1507328K
  class space    used 100411K, committed 103360K, reserved 1048576K
}

Dll operation events (18 events):
Event: 0.003 Loaded shared library /Users/celestingrillot/Documents/curseforge/minecraft/Install/java/java-runtime-delta/Contents/Home/lib/libjava.dylib
Event: 0.013 Loaded shared library /Users/celestingrillot/Documents/curseforge/minecraft/Install/java/java-runtime-delta/Contents/Home/lib/libnio.dylib
Event: 0.024 Loaded shared library /Users/celestingrillot/Documents/curseforge/minecraft/Install/java/java-runtime-delta/Contents/Home/lib/libzip.dylib
Event: 0.045 Loaded shared library /Users/celestingrillot/Documents/curseforge/minecraft/Install/java/java-runtime-delta/Contents/Home/lib/libjimage.dylib
Event: 0.084 Loaded shared library /Users/celestingrillot/Documents/curseforge/minecraft/Install/java/java-runtime-delta/Contents/Home/lib/libnet.dylib
Event: 0.110 Loaded shared library /Users/celestingrillot/Documents/curseforge/minecraft/Install/java/java-runtime-delta/Contents/Home/lib/libverify.dylib
Event: 0.418 Loaded shared library /Users/celestingrillot/Documents/curseforge/minecraft/Install/java/java-runtime-delta/Contents/Home/lib/libmanagement.dylib
Event: 0.419 Loaded shared library /Users/celestingrillot/Documents/curseforge/minecraft/Install/java/java-runtime-delta/Contents/Home/lib/libmanagement_ext.dylib
Event: 0.734 Loaded shared library /Users/celestingrillot/Documents/curseforge/minecraft/Install/natives/neoforge-21.1.228/liblwjgl.dylib
Event: 0.936 Loaded shared library /Users/celestingrillot/Documents/curseforge/minecraft/Install/natives/neoforge-21.1.228/liblwjgl_stb.dylib
Event: 0.965 Loaded shared library /Users/celestingrillot/Documents/curseforge/minecraft/Install/natives/neoforge-21.1.228/liblwjgl_opengl.dylib
Event: 4.720 Loaded shared library /Users/celestingrillot/Documents/curseforge/minecraft/Install/natives/neoforge-21.1.228/jna152540606948141241.tmp
Event: 7.461 Loaded shared library /private/var/folders/c5/cv0zzqrs117bj4d7qq6pzjp40000gn/T/libjcocoa13598136806078049020.dylib
Event: 7.462 Loaded shared library /Users/celestingrillot/Documents/curseforge/minecraft/Install/java/java-runtime-delta/Contents/Home/lib/libextnet.dylib
Event: 10.587 Loaded shared library /Users/celestingrillot/Documents/curseforge/minecraft/Install/java/java-runtime-delta/Contents/Home/lib/libawt.dylib
Event: 10.590 Loaded shared library /Users/celestingrillot/Documents/curseforge/minecraft/Install/java/java-runtime-delta/Contents/Home/lib/libawt_lwawt.dylib
Event: 30.573 Loaded shared library /Users/celestingrillot/Documents/curseforge/minecraft/Instances/tests/config/spark/tmp-client/spark-4d28832c611d-libasyncProfiler.so.tmp
Event: 44.039 Loaded shared library /Users/celestingrillot/Documents/curseforge/minecraft/Install/java/java-runtime-delta/Contents/Home/lib/libsyslookup.dylib

Deoptimization events (20 events):
Event: 402.409 Thread 0x0000000130013000 Uncommon trap: trap_request=0xffffff45 fr.pc=0x000000011604f0f8 relative=0x00000000000000b8
Event: 402.409 Thread 0x0000000130013000 Uncommon trap: reason=unstable_if action=reinterpret pc=0x000000011604f0f8 method=com.mojang.blaze3d.platform.GlStateManager._blendFunc(II)V @ 10 c2
Event: 402.409 Thread 0x0000000130013000 DEOPT PACKING pc=0x000000011604f0f8 sp=0x000000016f5f70d0
Event: 402.409 Thread 0x0000000130013000 DEOPT UNPACKING pc=0x000000011589f01c sp=0x000000016f5f7010 mode 2
Event: 402.418 Thread 0x0000000130013000 Uncommon trap: trap_request=0xffffffde fr.pc=0x0000000117c51028 relative=0x00000000000036e8
Event: 402.418 Thread 0x0000000130013000 Uncommon trap: reason=class_check action=maybe_recompile pc=0x0000000117c51028 method=net.minecraft.client.renderer.BlockEntityWithoutLevelRenderer.renderByItem(Lnet/minecraft/world/item/ItemStack;Lnet/minecraft/world/item/ItemDisplayContext;Lcom/mojang/b
Event: 402.418 Thread 0x0000000130013000 DEOPT PACKING pc=0x0000000117c51028 sp=0x000000016f5f7250
Event: 402.418 Thread 0x0000000130013000 DEOPT UNPACKING pc=0x000000011589f01c sp=0x000000016f5f71b0 mode 2
Event: 402.418 Thread 0x0000000130013000 Uncommon trap: trap_request=0xffffff45 fr.pc=0x00000001161a7778 relative=0x00000000000000b8
Event: 402.418 Thread 0x0000000130013000 Uncommon trap: reason=unstable_if action=reinterpret pc=0x00000001161a7778 method=com.mojang.blaze3d.platform.GlStateManager._blendFunc(II)V @ 10 c2
Event: 402.418 Thread 0x0000000130013000 DEOPT PACKING pc=0x00000001161a7778 sp=0x000000016f5f7060
Event: 402.418 Thread 0x0000000130013000 DEOPT UNPACKING pc=0x000000011589f01c sp=0x000000016f5f7010 mode 2
Event: 402.431 Thread 0x0000000130013000 Uncommon trap: trap_request=0xffffffde fr.pc=0x0000000117c51028 relative=0x00000000000036e8
Event: 402.431 Thread 0x0000000130013000 Uncommon trap: reason=class_check action=maybe_recompile pc=0x0000000117c51028 method=net.minecraft.client.renderer.BlockEntityWithoutLevelRenderer.renderByItem(Lnet/minecraft/world/item/ItemStack;Lnet/minecraft/world/item/ItemDisplayContext;Lcom/mojang/b
Event: 402.431 Thread 0x0000000130013000 DEOPT PACKING pc=0x0000000117c51028 sp=0x000000016f5f7250
Event: 402.431 Thread 0x0000000130013000 DEOPT UNPACKING pc=0x000000011589f01c sp=0x000000016f5f71b0 mode 2
Event: 402.438 Thread 0x0000000130013000 Uncommon trap: trap_request=0xffffffde fr.pc=0x0000000117c51028 relative=0x00000000000036e8
Event: 402.438 Thread 0x0000000130013000 Uncommon trap: reason=class_check action=maybe_recompile pc=0x0000000117c51028 method=net.minecraft.client.renderer.BlockEntityWithoutLevelRenderer.renderByItem(Lnet/minecraft/world/item/ItemStack;Lnet/minecraft/world/item/ItemDisplayContext;Lcom/mojang/b
Event: 402.438 Thread 0x0000000130013000 DEOPT PACKING pc=0x0000000117c51028 sp=0x000000016f5f7250
Event: 402.438 Thread 0x0000000130013000 DEOPT UNPACKING pc=0x000000011589f01c sp=0x000000016f5f71b0 mode 2

Classes loaded (20 events):
Event: 56.450 Loading class java/text/NumberFormat$Style
Event: 56.450 Loading class java/text/NumberFormat$Style done
Event: 61.965 Loading class java/util/concurrent/locks/StampedLock$Node
Event: 61.965 Loading class java/util/concurrent/locks/StampedLock$Node done
Event: 104.421 Loading class java/awt/image/ColorModel$1RGBdefault
Event: 104.421 Loading class java/awt/image/ColorModel$1RGBdefault done
Event: 104.421 Loading class java/awt/image/DataBufferInt
Event: 104.421 Loading class java/awt/image/DataBufferInt done
Event: 104.421 Loading class sun/awt/image/IntegerInterleavedRaster
Event: 104.421 Loading class sun/awt/image/IntegerInterleavedRaster done
Event: 104.474 Loading class java/util/zip/ZipOutputStream$XEntry
Event: 104.474 Loading class java/util/zip/ZipOutputStream$XEntry done
Event: 111.673 Loading class java/util/stream/ReduceOps$15
Event: 111.673 Loading class java/util/stream/ReduceOps$15 done
Event: 111.673 Loading class java/util/stream/ReduceOps$12ReducingSink
Event: 111.673 Loading class java/util/stream/ReduceOps$12ReducingSink done
Event: 114.572 Loading class java/util/ArrayList$SubList$2
Event: 114.572 Loading class java/util/ArrayList$SubList$2 done
Event: 180.953 Loading class java/util/DualPivotQuicksort$Sorter
Event: 180.953 Loading class java/util/DualPivotQuicksort$Sorter done

Classes unloaded (20 events):
Event: 5.129 Thread 0x000000012f61d5f0 Unloading class 0x000000700130c800 'java/lang/invoke/LambdaForm$MH+0x000000700130c800'
Event: 5.129 Thread 0x000000012f61d5f0 Unloading class 0x000000700130c400 'java/lang/invoke/LambdaForm$MH+0x000000700130c400'
Event: 5.129 Thread 0x000000012f61d5f0 Unloading class 0x000000700130bc00 'java/lang/invoke/LambdaForm$MH+0x000000700130bc00'
Event: 5.129 Thread 0x000000012f61d5f0 Unloading class 0x000000700130b800 'java/lang/invoke/LambdaForm$MH+0x000000700130b800'
Event: 5.129 Thread 0x000000012f61d5f0 Unloading class 0x000000700130b400 'java/lang/invoke/LambdaForm$MH+0x000000700130b400'
Event: 5.129 Thread 0x000000012f61d5f0 Unloading class 0x000000700130b000 'java/lang/invoke/LambdaForm$MH+0x000000700130b000'
Event: 5.129 Thread 0x000000012f61d5f0 Unloading class 0x000000700130a800 'java/lang/invoke/LambdaForm$MH+0x000000700130a800'
Event: 5.129 Thread 0x000000012f61d5f0 Unloading class 0x000000700130a400 'java/lang/invoke/LambdaForm$MH+0x000000700130a400'
Event: 5.129 Thread 0x000000012f61d5f0 Unloading class 0x0000007001309c00 'java/lang/invoke/LambdaForm$MH+0x0000007001309c00'
Event: 5.129 Thread 0x000000012f61d5f0 Unloading class 0x0000007001309400 'java/lang/invoke/LambdaForm$MH+0x0000007001309400'
Event: 5.129 Thread 0x000000012f61d5f0 Unloading class 0x0000007001309000 'java/lang/invoke/LambdaForm$MH+0x0000007001309000'
Event: 5.129 Thread 0x000000012f61d5f0 Unloading class 0x0000007001308c00 'java/lang/invoke/LambdaForm$MH+0x0000007001308c00'
Event: 5.129 Thread 0x000000012f61d5f0 Unloading class 0x0000007001308800 'java/lang/invoke/LambdaForm$MH+0x0000007001308800'
Event: 5.129 Thread 0x000000012f61d5f0 Unloading class 0x0000007001308000 'java/lang/invoke/LambdaForm$MH+0x0000007001308000'
Event: 9.756 Thread 0x000000012f61d5f0 Unloading class 0x00000070022a0400 'java/lang/invoke/LambdaForm$DMH+0x00000070022a0400'
Event: 9.756 Thread 0x000000012f61d5f0 Unloading class 0x0000007002036000 'java/lang/invoke/LambdaForm$MH+0x0000007002036000'
Event: 9.756 Thread 0x000000012f61d5f0 Unloading class 0x0000007002035800 'java/lang/invoke/LambdaForm$MH+0x0000007002035800'
Event: 9.756 Thread 0x000000012f61d5f0 Unloading class 0x0000007002035400 'java/lang/invoke/LambdaForm$MH+0x0000007002035400'
Event: 17.274 Thread 0x000000012f61d5f0 Unloading class 0x0000007005d09000 'java/lang/invoke/LambdaForm$MH+0x0000007005d09000'
Event: 17.274 Thread 0x000000012f61d5f0 Unloading class 0x0000007005d08000 'java/lang/invoke/LambdaForm$MH+0x0000007005d08000'

Classes redefined (0 events):
No events

Internal exceptions (20 events):
Event: 349.595 Thread 0x000000012e0d7800 Exception <a 'sun/nio/fs/UnixException'{0x00000006cba53780}> (0x00000006cba53780) 
thrown [src/hotspot/share/prims/jni.cpp, line 520]
Event: 349.595 Thread 0x0000000329678200 Exception <a 'sun/nio/fs/UnixException'{0x00000006cba46568}> (0x00000006cba46568) 
thrown [src/hotspot/share/prims/jni.cpp, line 520]
Event: 349.595 Thread 0x000000012e0d7800 Exception <a 'sun/nio/fs/UnixException'{0x00000006cba594a0}> (0x00000006cba594a0) 
thrown [src/hotspot/share/prims/jni.cpp, line 520]
Event: 349.595 Thread 0x0000000329678200 Exception <a 'sun/nio/fs/UnixException'{0x00000006cba4c288}> (0x00000006cba4c288) 
thrown [src/hotspot/share/prims/jni.cpp, line 520]
Event: 349.595 Thread 0x000000012e0d7800 Exception <a 'sun/nio/fs/UnixException'{0x00000006cba5f1c0}> (0x00000006cba5f1c0) 
thrown [src/hotspot/share/prims/jni.cpp, line 520]
Event: 349.595 Thread 0x0000000329678200 Exception <a 'sun/nio/fs/UnixException'{0x00000006cba7eb40}> (0x00000006cba7eb40) 
thrown [src/hotspot/share/prims/jni.cpp, line 520]
Event: 349.596 Thread 0x000000012e0d7800 Exception <a 'sun/nio/fs/UnixException'{0x00000006cba64e98}> (0x00000006cba64e98) 
thrown [src/hotspot/share/prims/jni.cpp, line 520]
Event: 349.596 Thread 0x0000000329678200 Exception <a 'sun/nio/fs/UnixException'{0x00000006cba848f8}> (0x00000006cba848f8) 
thrown [src/hotspot/share/prims/jni.cpp, line 520]
Event: 349.596 Thread 0x000000012e0d7800 Exception <a 'sun/nio/fs/UnixException'{0x00000006cba6abb8}> (0x00000006cba6abb8) 
thrown [src/hotspot/share/prims/jni.cpp, line 520]
Event: 349.596 Thread 0x0000000329678200 Exception <a 'sun/nio/fs/UnixException'{0x00000006cba8a618}> (0x00000006cba8a618) 
thrown [src/hotspot/share/prims/jni.cpp, line 520]
Event: 349.596 Thread 0x000000012e0d7800 Exception <a 'sun/nio/fs/UnixException'{0x00000006cba708d8}> (0x00000006cba708d8) 
thrown [src/hotspot/share/prims/jni.cpp, line 520]
Event: 353.445 Thread 0x000000012e0d7800 Exception <a 'sun/nio/fs/UnixException'{0x00000006e14073b0}> (0x00000006e14073b0) 
thrown [src/hotspot/share/prims/jni.cpp, line 520]
Event: 359.886 Thread 0x0000000130013000 Exception <a 'sun/nio/fs/UnixException'{0x00000006c072a580}> (0x00000006c072a580) 
thrown [src/hotspot/share/prims/jni.cpp, line 520]
Event: 365.140 Thread 0x000000012e0d7800 Exception <a 'sun/nio/fs/UnixException'{0x00000006b0005da8}> (0x00000006b0005da8) 
thrown [src/hotspot/share/prims/jni.cpp, line 520]
Event: 376.842 Thread 0x0000000130013000 Exception <a 'sun/nio/fs/UnixException'{0x00000007fe071c48}> (0x00000007fe071c48) 
thrown [src/hotspot/share/prims/jni.cpp, line 520]
Event: 381.692 Thread 0x0000000130013000 Exception <a 'sun/nio/fs/UnixException'{0x00000007fe3efb90}> (0x00000007fe3efb90) 
thrown [src/hotspot/share/prims/jni.cpp, line 520]
Event: 381.692 Thread 0x0000000130013000 Exception <a 'sun/nio/fs/UnixException'{0x00000007fe3f1b50}> (0x00000007fe3f1b50) 
thrown [src/hotspot/share/prims/jni.cpp, line 520]
Event: 383.516 Thread 0x0000000130013000 Exception <a 'java/lang/NoSuchMethodError'{0x00000006c0aa8058}: 'java.lang.Object java.lang.invoke.Invokers$Holder.linkToTargetMethod(java.lang.Object, java.lang.Object, int, int, int, int, java.lang.Object, java.lang.Object)'> (0x00000006c0aa8058) 
thrown [src/hotspot/share/interpreter/linkResolver.cpp, line 773]
Event: 395.397 Thread 0x000000012e0d7800 Exception <a 'sun/nio/fs/UnixException'{0x000000069160c220}> (0x000000069160c220) 
thrown [src/hotspot/share/prims/jni.cpp, line 520]
Event: 409.214 Thread 0x0000000130013000 Exception <a 'sun/nio/fs/UnixException'{0x00000006a61e82d8}> (0x00000006a61e82d8) 
thrown [src/hotspot/share/prims/jni.cpp, line 520]

ZGC Phase Switch (0 events):
No events

VM Operations (20 events):
Event: 400.422 Executing safepoint VM operation: Cleanup
Event: 400.422 Executing safepoint VM operation: Cleanup done
Event: 401.228 Executing safepoint VM operation: G1CollectForAllocation (G1 Evacuation Pause)
Event: 401.235 Executing safepoint VM operation: G1CollectForAllocation (G1 Evacuation Pause) done
Event: 402.237 Executing safepoint VM operation: Cleanup
Event: 402.237 Executing safepoint VM operation: Cleanup done
Event: 402.314 Executing safepoint VM operation: G1PauseRemark
Event: 402.325 Executing safepoint VM operation: G1PauseRemark done
Event: 402.912 Executing safepoint VM operation: G1PauseCleanup
Event: 402.912 Executing safepoint VM operation: G1PauseCleanup done
Event: 403.917 Executing safepoint VM operation: Cleanup
Event: 403.917 Executing safepoint VM operation: Cleanup done
Event: 404.919 Executing safepoint VM operation: Cleanup
Event: 404.919 Executing safepoint VM operation: Cleanup done
Event: 406.458 Executing safepoint VM operation: G1CollectForAllocation (G1 Evacuation Pause)
Event: 406.463 Executing safepoint VM operation: G1CollectForAllocation (G1 Evacuation Pause) done
Event: 407.468 Executing safepoint VM operation: Cleanup
Event: 407.468 Executing safepoint VM operation: Cleanup done
Event: 409.475 Executing safepoint VM operation: Cleanup
Event: 409.475 Executing safepoint VM operation: Cleanup done

Memory protections (20 events):
Event: 294.231 Protecting memory [0x000000034e204000,0x000000034e210000] with protection modes 0
Event: 303.281 Protecting memory [0x00000001724f8000,0x0000000172504000] with protection modes 3
Event: 305.219 Protecting memory [0x0000000329e28000,0x0000000329e34000] with protection modes 3
Event: 321.073 Protecting memory [0x0000000329b04000,0x0000000329b10000] with protection modes 3
Event: 327.900 Protecting memory [0x0000000351204000,0x0000000351210000] with protection modes 3
Event: 331.398 Protecting memory [0x0000000176b00000,0x0000000176b0c000] with protection modes 3
Event: 331.433 Protecting memory [0x0000000176a74000,0x0000000176a80000] with protection modes 0
Event: 340.057 Protecting memory [0x000000037fb04000,0x000000037fb10000] with protection modes 3
Event: 349.249 Protecting memory [0x0000000176c4c000,0x0000000176c58000] with protection modes 0
Event: 349.249 Protecting memory [0x0000000176d58000,0x0000000176d64000] with protection modes 0
Event: 352.116 Protecting memory [0x00000001722e0000,0x00000001722ec000] with protection modes 3
Event: 381.073 Protecting memory [0x0000000329c10000,0x0000000329c1c000] with protection modes 3
Event: 387.904 Protecting memory [0x0000000351958000,0x0000000351964000] with protection modes 3
Event: 391.399 Protecting memory [0x0000000176a74000,0x0000000176a80000] with protection modes 3
Event: 391.414 Protecting memory [0x0000000176a74000,0x0000000176a80000] with protection modes 0
Event: 400.061 Protecting memory [0x00000003ae804000,0x00000003ae810000] with protection modes 3
Event: 404.485 Protecting memory [0x0000000334a40000,0x0000000334a4c000] with protection modes 3
Event: 409.347 Protecting memory [0x00000003abc04000,0x00000003abc10000] with protection modes 3
Event: 409.598 Protecting memory [0x000000034db24000,0x000000034db30000] with protection modes 3
Event: 409.599 Protecting memory [0x0000000350884000,0x0000000350890000] with protection modes 3

Nmethod flushes (20 events):
Event: 402.323 Thread 0x000000012f61d5f0 flushing  nmethod 0x000000010f4e2f90
Event: 402.323 Thread 0x000000012f61d5f0 flushing  nmethod 0x000000010f663d10
Event: 402.323 Thread 0x000000012f61d5f0 flushing  nmethod 0x000000010f664290
Event: 402.323 Thread 0x000000012f61d5f0 flushing  nmethod 0x000000010f74d410
Event: 402.323 Thread 0x000000012f61d5f0 flushing  nmethod 0x000000010f8bc810
Event: 402.323 Thread 0x000000012f61d5f0 flushing  nmethod 0x000000010ff23590
Event: 402.323 Thread 0x000000012f61d5f0 flushing  nmethod 0x000000010ff2be10
Event: 402.323 Thread 0x000000012f61d5f0 flushing  nmethod 0x000000011080a890
Event: 402.323 Thread 0x000000012f61d5f0 flushing  nmethod 0x0000000110bf0590
Event: 402.323 Thread 0x000000012f61d5f0 flushing  nmethod 0x00000001113bdc90
Event: 402.323 Thread 0x000000012f61d5f0 flushing  nmethod 0x0000000111409e90
Event: 402.323 Thread 0x000000012f61d5f0 flushing  nmethod 0x000000011140a510
Event: 402.323 Thread 0x000000012f61d5f0 flushing  nmethod 0x00000001114cdf90
Event: 402.323 Thread 0x000000012f61d5f0 flushing  nmethod 0x0000000111a03590
Event: 402.323 Thread 0x000000012f61d5f0 flushing  nmethod 0x0000000111cf4c10
Event: 402.323 Thread 0x000000012f61d5f0 flushing  nmethod 0x0000000112726a90
Event: 402.323 Thread 0x000000012f61d5f0 flushing  nmethod 0x0000000112bcb010
Event: 402.323 Thread 0x000000012f61d5f0 flushing  nmethod 0x0000000112be5a90
Event: 402.323 Thread 0x000000012f61d5f0 flushing  nmethod 0x00000001132f1c90
Event: 402.323 Thread 0x000000012f61d5f0 flushing  nmethod 0x00000001135fd010

Events (20 events):
Event: 294.231 Thread 0x000000011ecf4000 Thread added: 0x000000012e0d7800
Event: 303.281 Thread 0x000000011e825200 Thread exited: 0x000000011e825200
Event: 305.219 Thread 0x000000013ddcd600 Thread exited: 0x000000013ddcd600
Event: 321.073 Thread 0x000000013ebb3200 Thread exited: 0x000000013ebb3200
Event: 327.900 Thread 0x000000033106c800 Thread exited: 0x000000033106c800
Event: 331.398 Thread 0x000000032965e400 Thread exited: 0x000000032965e400
Event: 331.433 Thread 0x000000011f961000 Thread added: 0x000000013ddf0200
Event: 340.057 Thread 0x000000012d309200 Thread exited: 0x000000012d309200
Event: 349.249 Thread 0x000000011e824a00 Thread added: 0x000000012e09ca00
Event: 349.249 Thread 0x000000012d1b0600 Thread added: 0x00000001300dd400
Event: 352.116 Thread 0x0000000329081000 Thread exited: 0x0000000329081000
Event: 381.073 Thread 0x000000013e96a400 Thread exited: 0x000000013e96a400
Event: 387.904 Thread 0x000000012d429200 Thread exited: 0x000000012d429200
Event: 391.399 Thread 0x000000013ddf0200 Thread exited: 0x000000013ddf0200
Event: 391.414 Thread 0x000000011f961000 Thread added: 0x000000013ebb4e00
Event: 400.061 Thread 0x0000000138a85200 Thread exited: 0x0000000138a85200
Event: 404.485 Thread 0x000000013d2a7600 Thread exited: 0x000000013d2a7600
Event: 409.347 Thread 0x000000011ecf4000 Thread exited: 0x000000011ecf4000
Event: 409.598 Thread 0x000000012e0b7a00 Thread exited: 0x000000012e0b7a00
Event: 409.599 Thread 0x0000000329661c00 Thread exited: 0x0000000329661c00


Dynamic libraries:
0x0000000100840000 	/Users/celestingrillot/Documents/curseforge/minecraft/Install/java/java-runtime-delta/Contents/Home/lib/libjli.dylib
0x00000001b50a3000 	/System/Library/Frameworks/Cocoa.framework/Versions/A/Cocoa
0x000000019c853000 	/System/Library/Frameworks/AppKit.framework/Versions/C/AppKit
0x000000019fb43000 	/System/Library/Frameworks/CoreData.framework/Versions/A/CoreData
0x0000000199edf000 	/System/Library/Frameworks/Foundation.framework/Versions/C/Foundation
0x00000001a6adb000 	/usr/lib/libSystem.B.dylib
0x000000019dce4000 	/System/Library/PrivateFrameworks/UIFoundation.framework/Versions/A/UIFoundation
0x0000000246972000 	/System/Library/PrivateFrameworks/CollectionViewCore.framework/Versions/A/CollectionViewCore
0x00000001a4664000 	/System/Library/PrivateFrameworks/XCTTargetBootstrap.framework/Versions/A/XCTTargetBootstrap
0x00000001a92a7000 	/System/Library/PrivateFrameworks/InternationalSupport.framework/Versions/A/InternationalSupport
0x00000001a95fe000 	/System/Library/PrivateFrameworks/UserActivity.framework/Versions/A/UserActivity
0x00000002752fc000 	/System/Library/PrivateFrameworks/UIIntelligenceSupport.framework/Versions/A/UIIntelligenceSupport
0x00000001ff395000 	/System/Library/Frameworks/SwiftUICore.framework/Versions/A/SwiftUICore
0x000000027a382000 	/System/Library/PrivateFrameworks/WritingTools.framework/Versions/A/WritingTools
0x00000002793c6000 	/System/Library/PrivateFrameworks/WindowManagement.framework/Versions/A/WindowManagement
0x0000000199b42000 	/System/Library/Frameworks/SystemConfiguration.framework/Versions/A/SystemConfiguration
0x00000001a870a000 	/usr/lib/libspindump.dylib
0x000000019de96000 	/System/Library/Frameworks/UniformTypeIdentifiers.framework/Versions/A/UniformTypeIdentifiers
0x00000001a5ec6000 	/usr/lib/libbsm.0.dylib
0x00000001a20e6000 	/usr/lib/libapp_launch_measurement.dylib
0x00000001a148f000 	/System/Library/PrivateFrameworks/CoreAnalytics.framework/Versions/A/CoreAnalytics
0x00000001a20ea000 	/System/Library/PrivateFrameworks/CoreAutoLayout.framework/Versions/A/CoreAutoLayout
0x00000001a3c7e000 	/System/Library/Frameworks/Metal.framework/Versions/A/Metal
0x00000001a4ea2000 	/usr/lib/liblangid.dylib
0x00000001a466a000 	/System/Library/PrivateFrameworks/CoreSVG.framework/Versions/A/CoreSVG
0x000000019e8bb000 	/System/Library/PrivateFrameworks/SkyLight.framework/Versions/A/SkyLight
0x000000019ede2000 	/System/Library/Frameworks/CoreGraphics.framework/Versions/A/CoreGraphics
0x00000001ae7b4000 	/System/Library/Frameworks/Accelerate.framework/Versions/A/Accelerate
0x00000001a854d000 	/System/Library/PrivateFrameworks/IconServices.framework/Versions/A/IconServices
0x00000001a3c5b000 	/System/Library/Frameworks/IOSurface.framework/Versions/A/IOSurface
0x00000001a14c0000 	/usr/lib/libDiagnosticMessagesClient.dylib
0x00000001a6a25000 	/usr/lib/libz.1.dylib
0x00000001b26c9000 	/System/Library/Frameworks/ApplicationServices.framework/Versions/A/ApplicationServices
0x00000001a464f000 	/System/Library/PrivateFrameworks/DFRFoundation.framework/Versions/A/DFRFoundation
0x000000019c0b8000 	/usr/lib/libicucore.A.dylib
0x00000001aa687000 	/System/Library/Frameworks/AudioToolbox.framework/Versions/A/AudioToolbox
0x00000001a95af000 	/System/Library/PrivateFrameworks/DataDetectorsCore.framework/Versions/A/DataDetectorsCore
0x00000001c5150000 	/System/Library/PrivateFrameworks/TextInput.framework/Versions/A/TextInput
0x000000019e806000 	/usr/lib/libMobileGestalt.dylib
0x00000001a4348000 	/System/Library/Frameworks/Carbon.framework/Versions/A/Frameworks/HIToolbox.framework/Versions/A/HIToolbox
0x00000001a19c7000 	/System/Library/Frameworks/QuartzCore.framework/Versions/A/QuartzCore
0x000000019bcae000 	/System/Library/Frameworks/Security.framework/Versions/A/Security
0x00000001ae111000 	/System/Library/Frameworks/Carbon.framework/Versions/A/Frameworks/SpeechRecognition.framework/Versions/A/SpeechRecognition
0x00000001a1ded000 	/System/Library/PrivateFrameworks/CoreUI.framework/Versions/A/CoreUI
0x000000019b57c000 	/System/Library/Frameworks/CoreAudio.framework/Versions/A/CoreAudio
0x00000001a15ae000 	/System/Library/Frameworks/DiskArbitration.framework/Versions/A/DiskArbitration
0x00000001a8b73000 	/System/Library/PrivateFrameworks/MultitouchSupport.framework/Versions/A/MultitouchSupport
0x000000019e804000 	/usr/lib/libenergytrace.dylib
0x00000001b96f4000 	/System/Library/PrivateFrameworks/RenderBox.framework/Versions/A/RenderBox
0x000000019c703000 	/System/Library/Frameworks/IOKit.framework/Versions/A/IOKit
0x00000001ae508000 	/System/Library/Frameworks/CoreServices.framework/Versions/A/CoreServices
0x00000001a2077000 	/System/Library/PrivateFrameworks/PerformanceAnalysis.framework/Versions/A/PerformanceAnalysis
0x00000001f8d56000 	/System/Library/Frameworks/OpenGL.framework/Versions/A/OpenGL
0x00000001a2134000 	/usr/lib/libxml2.2.dylib
0x00000001a5daa000 	/System/Library/PrivateFrameworks/MobileKeyBag.framework/Versions/A/MobileKeyBag
0x0000000198484000 	/usr/lib/libobjc.A.dylib
0x0000000198792000 	/usr/lib/libc++.1.dylib
0x00000001ae489000 	/System/Library/Frameworks/Accessibility.framework/Versions/A/Accessibility
0x000000019f513000 	/System/Library/Frameworks/ColorSync.framework/Versions/A/ColorSync
0x00000001988ee000 	/System/Library/Frameworks/CoreFoundation.framework/Versions/A/CoreFoundation
0x00000001a4a24000 	/System/Library/Frameworks/CoreImage.framework/Versions/A/CoreImage
0x000000019b35d000 	/System/Library/Frameworks/CoreText.framework/Versions/A/CoreText
0x00000001fa2a2000 	/System/Library/Frameworks/CoreTransferable.framework/Versions/A/CoreTransferable
0x00000001fa827000 	/System/Library/Frameworks/DataDetection.framework/Versions/A/DataDetection
0x00000001fa82a000 	/System/Library/Frameworks/DeveloperToolsSupport.framework/Versions/A/DeveloperToolsSupport
0x00000001a46a5000 	/System/Library/Frameworks/ImageIO.framework/Versions/A/ImageIO
0x00000001fff58000 	/System/Library/Frameworks/Symbols.framework/Versions/A/Symbols
0x00000001ec504000 	/System/Library/PrivateFrameworks/FeatureFlags.framework/Versions/A/FeatureFlags
0x00000001a6ae0000 	/System/Library/PrivateFrameworks/SoftLinking.framework/Versions/A/SoftLinking
0x00000001d7dc1000 	/usr/lib/swift/libswiftAccelerate.dylib
0x00000001aa01c000 	/usr/lib/swift/libswiftCore.dylib
0x00000001c17f3000 	/usr/lib/swift/libswiftCoreFoundation.dylib
0x00000001c184d000 	/usr/lib/swift/libswiftCoreImage.dylib
0x00000001beb5c000 	/usr/lib/swift/libswiftDarwin.dylib
0x0000000280f9f000 	/usr/lib/swift/libswiftDataDetection.dylib
0x00000001b0001000 	/usr/lib/swift/libswiftDispatch.dylib
0x00000001c184e000 	/usr/lib/swift/libswiftIOKit.dylib
0x00000001ce3b8000 	/usr/lib/swift/libswiftMetal.dylib
0x00000001dd359000 	/usr/lib/swift/libswiftOSLog.dylib
0x00000001b2c83000 	/usr/lib/swift/libswiftObjectiveC.dylib
0x0000000280fcc000 	/usr/lib/swift/libswiftObservation.dylib
0x00000001d3757000 	/usr/lib/swift/libswiftQuartzCore.dylib
0x00000001d7db2000 	/usr/lib/swift/libswiftUniformTypeIdentifiers.dylib
0x00000001c1805000 	/usr/lib/swift/libswiftXPC.dylib
0x00000002810b2000 	/usr/lib/swift/libswift_Builtin_float.dylib
0x00000002810b5000 	/usr/lib/swift/libswift_Concurrency.dylib
0x0000000281214000 	/usr/lib/swift/libswift_StringProcessing.dylib
0x00000002812a7000 	/usr/lib/swift/libswift_errno.dylib
0x00000002812a9000 	/usr/lib/swift/libswift_math.dylib
0x00000002812ac000 	/usr/lib/swift/libswift_signal.dylib
0x00000002812ad000 	/usr/lib/swift/libswift_stdio.dylib
0x00000002812ae000 	/usr/lib/swift/libswift_time.dylib
0x00000001b2c87000 	/usr/lib/swift/libswiftos.dylib
0x00000001c50a7000 	/usr/lib/swift/libswiftsimd.dylib
0x00000002812af000 	/usr/lib/swift/libswiftsys_time.dylib
0x00000002812b0000 	/usr/lib/swift/libswiftunistd.dylib
0x00000001a6d09000 	/usr/lib/libcompression.dylib
0x00000001a9207000 	/System/Library/PrivateFrameworks/TextureIO.framework/Versions/A/TextureIO
0x00000001a81ec000 	/usr/lib/libate.dylib
0x00000001a6ad5000 	/usr/lib/system/libcache.dylib
0x00000001a6a90000 	/usr/lib/system/libcommonCrypto.dylib
0x00000001a6abb000 	/usr/lib/system/libcompiler_rt.dylib
0x00000001a6ab0000 	/usr/lib/system/libcopyfile.dylib
0x00000001985df000 	/usr/lib/system/libcorecrypto.dylib
0x00000001986c6000 	/usr/lib/system/libdispatch.dylib
0x0000000198886000 	/usr/lib/system/libdyld.dylib
0x00000001a6acb000 	/usr/lib/system/libkeymgr.dylib
0x00000001a6a73000 	/usr/lib/system/libmacho.dylib
0x00000001a5e9f000 	/usr/lib/system/libquarantine.dylib
0x00000001a6ac8000 	/usr/lib/system/libremovefile.dylib
0x000000019e880000 	/usr/lib/system/libsystem_asl.dylib
0x0000000198574000 	/usr/lib/system/libsystem_blocks.dylib
0x0000000198710000 	/usr/lib/system/libsystem_c.dylib
0x00000001a6abf000 	/usr/lib/system/libsystem_collections.dylib
0x00000001a4e8f000 	/usr/lib/system/libsystem_configuration.dylib
0x00000001a3c2a000 	/usr/lib/system/libsystem_containermanager.dylib
0x00000001a65b5000 	/usr/lib/system/libsystem_coreservices.dylib
0x000000019c384000 	/usr/lib/system/libsystem_darwin.dylib
0x00000002813e7000 	/usr/lib/system/libsystem_darwindirectory.dylib
0x00000001a6acc000 	/usr/lib/system/libsystem_dnssd.dylib
0x00000002813eb000 	/usr/lib/system/libsystem_eligibility.dylib
0x000000019870d000 	/usr/lib/system/libsystem_featureflags.dylib
0x00000001988be000 	/usr/lib/system/libsystem_info.dylib
0x00000001a6a34000 	/usr/lib/system/libsystem_m.dylib
0x000000019867e000 	/usr/lib/system/libsystem_malloc.dylib
0x000000019e7e9000 	/usr/lib/system/libsystem_networkextension.dylib
0x000000019c7e6000 	/usr/lib/system/libsystem_notify.dylib
0x00000001a4e94000 	/usr/lib/system/libsystem_sandbox.dylib
0x00000002813f3000 	/usr/lib/system/libsystem_sanitizers.dylib
0x00000001a6ac4000 	/usr/lib/system/libsystem_secinit.dylib
0x000000019883d000 	/usr/lib/system/libsystem_kernel.dylib
0x00000001988b6000 	/usr/lib/system/libsystem_platform.dylib
0x0000000198879000 	/usr/lib/system/libsystem_pthread.dylib
0x00000001a03dd000 	/usr/lib/system/libsystem_symptoms.dylib
0x00000001985c3000 	/usr/lib/system/libsystem_trace.dylib
0x00000001a6a9e000 	/usr/lib/system/libunwind.dylib
0x0000000198578000 	/usr/lib/system/libxpc.dylib
0x000000019881f000 	/usr/lib/libc++abi.dylib
0x000000027ffbc000 	/usr/lib/libRosetta.dylib
0x000000019c682000 	/System/Library/PrivateFrameworks/CoreServicesInternal.framework/Versions/A/CoreServicesInternal
0x00000001a6aa8000 	/usr/lib/liboah.dylib
0x00000001a6add000 	/usr/lib/libfakelink.dylib
0x00000001b217c000 	/System/Library/PrivateFrameworks/DiskImages.framework/Versions/A/DiskImages
0x00000001be685000 	/System/Library/Frameworks/NetFS.framework/Versions/A/NetFS
0x000000019e41f000 	/System/Library/Frameworks/CFNetwork.framework/Versions/A/CFNetwork
0x00000001a20ae000 	/System/Library/Frameworks/CoreServices.framework/Versions/A/Frameworks/FSEvents.framework/Versions/A/FSEvents
0x000000019c38f000 	/System/Library/Frameworks/CoreServices.framework/Versions/A/Frameworks/CarbonCore.framework/Versions/A/CarbonCore
0x00000001a1523000 	/System/Library/Frameworks/CoreServices.framework/Versions/A/Frameworks/Metadata.framework/Versions/A/Metadata
0x00000001a65bd000 	/System/Library/Frameworks/CoreServices.framework/Versions/A/Frameworks/OSServices.framework/Versions/A/OSServices
0x00000001a6c2a000 	/System/Library/Frameworks/CoreServices.framework/Versions/A/Frameworks/SearchKit.framework/Versions/A/SearchKit
0x00000001a0358000 	/System/Library/Frameworks/CoreServices.framework/Versions/A/Frameworks/AE.framework/Versions/A/AE
0x0000000198e2d000 	/System/Library/Frameworks/CoreServices.framework/Versions/A/Frameworks/LaunchServices.framework/Versions/A/LaunchServices
0x00000001a8041000 	/System/Library/Frameworks/CoreServices.framework/Versions/A/Frameworks/DictionaryServices.framework/Versions/A/DictionaryServices
0x00000001a20bc000 	/System/Library/Frameworks/CoreServices.framework/Versions/A/Frameworks/SharedFileList.framework/Versions/A/SharedFileList
0x00000001a6cc0000 	/usr/lib/libapple_nghttp2.dylib
0x000000019ffb9000 	/usr/lib/libsqlite3.dylib
0x00000001aad00000 	/System/Library/Frameworks/GSS.framework/Versions/A/GSS
0x00000001a02ef000 	/System/Library/PrivateFrameworks/RunningBoardServices.framework/Versions/A/RunningBoardServices
0x00000001a03e6000 	/System/Library/Frameworks/Network.framework/Versions/A/Network
0x00000001a6a77000 	/usr/lib/system/libkxld.dylib
0x000000024271d000 	/System/Library/PrivateFrameworks/AppleKeyStore.framework/Versions/A/AppleKeyStore
0x000000027fe14000 	/usr/lib/libCoreEntitlements.dylib
0x000000025d7e8000 	/System/Library/PrivateFrameworks/MessageSecurity.framework/Versions/A/MessageSecurity
0x000000019ff9e000 	/System/Library/PrivateFrameworks/ProtocolBuffer.framework/Versions/A/ProtocolBuffer
0x00000001a659c000 	/System/Library/PrivateFrameworks/AppleFSCompression.framework/Versions/A/AppleFSCompression
0x00000001a5eae000 	/usr/lib/libcoretls.dylib
0x00000001a80b7000 	/usr/lib/libcoretls_cfhelpers.dylib
0x00000001a6d03000 	/usr/lib/libpam.2.dylib
0x00000001a812b000 	/usr/lib/libxar.1.dylib
0x00000001a6b32000 	/usr/lib/libarchive.2.dylib
0x00000001ac403000 	/System/Library/Frameworks/Combine.framework/Versions/A/Combine
0x0000000246996000 	/System/Library/PrivateFrameworks/CollectionsInternal.framework/Versions/A/CollectionsInternal
0x0000000266848000 	/System/Library/PrivateFrameworks/ReflectionInternal.framework/Versions/A/ReflectionInternal
0x000000026751f000 	/System/Library/PrivateFrameworks/RuntimeInternal.framework/Versions/A/RuntimeInternal
0x0000000281043000 	/usr/lib/swift/libswiftSystem.dylib
0x00000001a4e9d000 	/System/Library/PrivateFrameworks/AppleSystemInfo.framework/Versions/A/AppleSystemInfo
0x00000001c16de000 	/System/Library/PrivateFrameworks/LoggingSupport.framework/Versions/A/LoggingSupport
0x00000001af4c2000 	/System/Library/PrivateFrameworks/PowerLog.framework/Versions/A/PowerLog
0x00000001ff25a000 	/System/Library/Frameworks/SwiftData.framework/Versions/A/SwiftData
0x00000001a22bf000 	/System/Library/PrivateFrameworks/UserManagement.framework/Versions/A/UserManagement
0x000000019e34d000 	/usr/lib/libboringssl.dylib
0x00000001a03cc000 	/usr/lib/libdns_services.dylib
0x00000001c088d000 	/usr/lib/libquic.dylib
0x00000001a9fab000 	/usr/lib/libusrtcp.dylib
0x00000001e51ce000 	/System/Library/PrivateFrameworks/InternalSwiftProtobuf.framework/Versions/A/InternalSwiftProtobuf
0x0000000280fa0000 	/usr/lib/swift/libswiftDistributed.dylib
0x0000000281039000 	/usr/lib/swift/libswiftSynchronization.dylib
0x000000019e41e000 	/usr/lib/libnetwork.dylib
0x00000001d238e000 	/System/Library/PrivateFrameworks/OSAnalytics.framework/Versions/A/OSAnalytics
0x00000001a6c9b000 	/System/Library/PrivateFrameworks/AppleSauce.framework/Versions/A/AppleSauce
0x00000001b0797000 	/System/Library/PrivateFrameworks/CoreSymbolication.framework/Versions/A/CoreSymbolication
0x00000001e0e97000 	/System/Library/PrivateFrameworks/Symbolication.framework/Versions/A/Symbolication
0x00000001b0773000 	/System/Library/PrivateFrameworks/DebugSymbols.framework/Versions/A/DebugSymbols
0x000000027fcdf000 	/usr/lib/libAppleArchive.dylib
0x00000001a65a8000 	/usr/lib/libbz2.1.0.dylib
0x00000001a8098000 	/usr/lib/liblzma.5.dylib
0x00000001a5b9a000 	/System/Library/PrivateFrameworks/IOMobileFramebuffer.framework/Versions/A/IOMobileFramebuffer
0x00000001c1767000 	/System/Library/PrivateFrameworks/MallocStackLogging.framework/Versions/A/MallocStackLogging
0x00000001a8286000 	/System/Library/PrivateFrameworks/CrashReporterSupport.framework/Versions/A/CrashReporterSupport
0x0000000199939000 	/System/Library/PrivateFrameworks/Lexicon.framework/Versions/A/Lexicon
0x0000000255b28000 	/System/Library/PrivateFrameworks/IO80211.framework/Versions/A/IO80211
0x00000001b0299000 	/System/Library/PrivateFrameworks/FrontBoardServices.framework/Versions/A/FrontBoardServices
0x00000001a5dd6000 	/System/Library/Frameworks/SecurityFoundation.framework/Versions/A/SecurityFoundation
0x00000001a5f38000 	/usr/lib/libgermantok.dylib
0x00000001a4fc1000 	/System/Library/PrivateFrameworks/LinguisticData.framework/Versions/A/LinguisticData
0x00000001a020a000 	/System/Library/PrivateFrameworks/BaseBoard.framework/Versions/A/BaseBoard
0x00000001b0366000 	/System/Library/PrivateFrameworks/BoardServices.framework/Versions/A/BoardServices
0x00000001a5dc7000 	/System/Library/PrivateFrameworks/AssertionServices.framework/Versions/A/AssertionServices
0x00000001b1fb6000 	/System/Library/PrivateFrameworks/BackBoardServices.framework/Versions/A/BackBoardServices
0x00000001a4075000 	/System/Library/PrivateFrameworks/FontServices.framework/libFontParser.dylib
0x000000019e898000 	/System/Library/PrivateFrameworks/TCC.framework/Versions/A/TCC
0x00000001b59ae000 	/System/Library/PrivateFrameworks/IOSurfaceAccelerator.framework/Versions/A/IOSurfaceAccelerator
0x00000001a8b71000 	/System/Library/PrivateFrameworks/WatchdogClient.framework/Versions/A/WatchdogClient
0x000000019ae84000 	/System/Library/Frameworks/CoreDisplay.framework/Versions/A/CoreDisplay
0x00000001a3f19000 	/System/Library/Frameworks/CoreMedia.framework/Versions/A/CoreMedia
0x00000001a3c74000 	/System/Library/PrivateFrameworks/IOAccelerator.framework/Versions/A/IOAccelerator
0x00000001a221e000 	/System/Library/Frameworks/CoreVideo.framework/Versions/A/CoreVideo
0x00000001a6d01000 	/System/Library/Frameworks/MetalPerformanceShaders.framework/Versions/A/MetalPerformanceShaders
0x0000000265b86000 	/System/Library/PrivateFrameworks/ProDisplayLibrary.framework/Versions/A/ProDisplayLibrary
0x00000001a8bb9000 	/System/Library/Frameworks/VideoToolbox.framework/Versions/A/VideoToolbox
0x00000001a4e9b000 	/System/Library/PrivateFrameworks/AggregateDictionary.framework/Versions/A/AggregateDictionary
0x00000001a80b9000 	/System/Library/PrivateFrameworks/APFS.framework/Versions/A/APFS
0x00000001a813a000 	/usr/lib/libutil.dylib
0x0000000270aab000 	/System/Library/PrivateFrameworks/SwiftASN1Internal.framework/Versions/A/SwiftASN1Internal
0x00000001a15b7000 	/System/Library/Frameworks/Accelerate.framework/Versions/A/Frameworks/vImage.framework/Versions/A/vImage
0x00000001ae4e3000 	/System/Library/Frameworks/Accelerate.framework/Versions/A/Frameworks/vecLib.framework/Versions/A/vecLib
0x00000001a8172000 	/System/Library/Frameworks/Accelerate.framework/Versions/A/Frameworks/vecLib.framework/Versions/A/libvMisc.dylib
0x00000001992a5000 	/System/Library/Frameworks/Accelerate.framework/Versions/A/Frameworks/vecLib.framework/Versions/A/libBLAS.dylib
0x00000001aa8d7000 	/System/Library/Frameworks/ApplicationServices.framework/Versions/A/Frameworks/ATS.framework/Versions/A/ATS
0x000000019f6c9000 	/System/Library/Frameworks/ApplicationServices.framework/Versions/A/Frameworks/HIServices.framework/Versions/A/HIServices
0x00000001a9190000 	/System/Library/Frameworks/ApplicationServices.framework/Versions/A/Frameworks/PrintCore.framework/Versions/A/PrintCore
0x00000001aacca000 	/System/Library/Frameworks/ApplicationServices.framework/Versions/A/Frameworks/QD.framework/Versions/A/QD
0x00000001aacc1000 	/System/Library/Frameworks/ApplicationServices.framework/Versions/A/Frameworks/ColorSyncLegacy.framework/Versions/A/ColorSyncLegacy
0x00000001aa8a9000 	/System/Library/Frameworks/ApplicationServices.framework/Versions/A/Frameworks/SpeechSynthesis.framework/Versions/A/SpeechSynthesis
0x00000001a5b67000 	/System/Library/PrivateFrameworks/CoreEmoji.framework/Versions/A/CoreEmoji
0x000000024cbed000 	/System/Library/PrivateFrameworks/FontServices.framework/Versions/A/FontServices
0x00000001a86bf000 	/System/Library/PrivateFrameworks/OTSVG.framework/Versions/A/OTSVG
0x00000001a1d9b000 	/System/Library/Frameworks/ApplicationServices.framework/Versions/A/Frameworks/ATS.framework/Versions/A/Resources/libFontRegistry.dylib
0x00000002803a1000 	/usr/lib/libhvf.dylib
0x0000000261a8c000 	/System/Library/PrivateFrameworks/ParsingInternal.framework/Versions/A/ParsingInternal
0x0000000280fe9000 	/usr/lib/swift/libswiftRegexBuilder.dylib
0x0000000281171000 	/usr/lib/swift/libswift_RegexParser.dylib
0x00000001a8a3a000 	/System/Library/PrivateFrameworks/AppleJPEG.framework/Versions/A/AppleJPEG
0x00000001a84db000 	/usr/lib/libexpat.1.dylib
0x00000001a9066000 	/System/Library/Frameworks/ImageIO.framework/Versions/A/Resources/libPng.dylib
0x00000001a9091000 	/System/Library/Frameworks/ImageIO.framework/Versions/A/Resources/libTIFF.dylib
0x00000001a917b000 	/System/Library/Frameworks/ImageIO.framework/Versions/A/Resources/libGIF.dylib
0x00000001a8a80000 	/System/Library/Frameworks/ImageIO.framework/Versions/A/Resources/libJP2.dylib
0x00000001a9122000 	/System/Library/Frameworks/ImageIO.framework/Versions/A/Resources/libJPEG.dylib
0x00000001a9119000 	/System/Library/Frameworks/ImageIO.framework/Versions/A/Resources/libRadiance.dylib
0x00000002518bc000 	/System/Library/PrivateFrameworks/GPUCompiler.framework/Versions/32023/Libraries/libllvm-flatbuffers.dylib
0x000000024ccb8000 	/System/Library/PrivateFrameworks/FramePacing.framework/Versions/A/FramePacing
0x00000001f8d48000 	/System/Library/Frameworks/OpenGL.framework/Versions/A/Libraries/libCoreFSCache.dylib
0x000000024d82d000 	/System/Library/PrivateFrameworks/GPUCompiler.framework/Versions/32023/Libraries/libGPUCompilerUtils.dylib
0x000000024cbee000 	/System/Library/PrivateFrameworks/FontServices.framework/libXTFontStaticRegistryData.dylib
0x00000001b3dc6000 	/System/Library/PrivateFrameworks/ASEProcessing.framework/Versions/A/ASEProcessing
0x0000000264cf3000 	/System/Library/PrivateFrameworks/PhotosensitivityProcessing.framework/Versions/A/PhotosensitivityProcessing
0x00000001a86b3000 	/System/Library/PrivateFrameworks/GraphVisualizer.framework/Versions/A/GraphVisualizer
0x00000001f8da6000 	/System/Library/Frameworks/OpenGL.framework/Versions/A/Libraries/libGLU.dylib
0x00000001f8d6a000 	/System/Library/Frameworks/OpenGL.framework/Versions/A/Libraries/libGFXShared.dylib
0x00000001f8f32000 	/System/Library/Frameworks/OpenGL.framework/Versions/A/Libraries/libGL.dylib
0x00000001f8d73000 	/System/Library/Frameworks/OpenGL.framework/Versions/A/Libraries/libGLImage.dylib
0x00000001f8d67000 	/System/Library/Frameworks/OpenGL.framework/Versions/A/Libraries/libCVMSPluginSupport.dylib
0x00000001f8d50000 	/System/Library/Frameworks/OpenGL.framework/Versions/A/Libraries/libCoreVMClient.dylib
0x00000001a4ddf000 	/System/Library/Frameworks/MetalPerformanceShaders.framework/Versions/A/Frameworks/MPSCore.framework/Versions/A/MPSCore
0x00000001a6507000 	/System/Library/Frameworks/MetalPerformanceShaders.framework/Versions/A/Frameworks/MPSImage.framework/Versions/A/MPSImage
0x00000001a5f50000 	/System/Library/Frameworks/MetalPerformanceShaders.framework/Versions/A/Frameworks/MPSNeuralNetwork.framework/Versions/A/MPSNeuralNetwork
0x00000001a6387000 	/System/Library/Frameworks/MetalPerformanceShaders.framework/Versions/A/Frameworks/MPSMatrix.framework/Versions/A/MPSMatrix
0x00000001a619c000 	/System/Library/Frameworks/MetalPerformanceShaders.framework/Versions/A/Frameworks/MPSRayIntersector.framework/Versions/A/MPSRayIntersector
0x00000001a63b9000 	/System/Library/Frameworks/MetalPerformanceShaders.framework/Versions/A/Frameworks/MPSNDArray.framework/Versions/A/MPSNDArray
0x00000001fc648000 	/System/Library/Frameworks/MetalPerformanceShaders.framework/Versions/A/Frameworks/MPSFunctions.framework/Versions/A/MPSFunctions
0x00000001fc62a000 	/System/Library/Frameworks/MetalPerformanceShaders.framework/Versions/A/Frameworks/MPSBenchmarkLoop.framework/Versions/A/MPSBenchmarkLoop
0x0000000199120000 	/System/Library/PrivateFrameworks/MetalTools.framework/Versions/A/MetalTools
0x00000001c6450000 	/System/Library/PrivateFrameworks/IOAccelMemoryInfo.framework/Versions/A/IOAccelMemoryInfo
0x00000001d3b4c000 	/System/Library/PrivateFrameworks/kperf.framework/Versions/A/kperf
0x00000001c17ce000 	/System/Library/PrivateFrameworks/GPURawCounter.framework/Versions/A/GPURawCounter
0x00000001a914d000 	/System/Library/Frameworks/ApplicationServices.framework/Versions/A/Frameworks/ATSUI.framework/Versions/A/ATSUI
0x00000001aac55000 	/usr/lib/libcups.2.dylib
0x00000001aacef000 	/System/Library/Frameworks/Kerberos.framework/Versions/A/Kerberos
0x00000001aa955000 	/usr/lib/libresolv.9.dylib
0x00000001a6b17000 	/usr/lib/libiconv.2.dylib
0x00000001a8711000 	/System/Library/PrivateFrameworks/Heimdal.framework/Versions/A/Heimdal
0x00000001b2bda000 	/System/Library/Frameworks/Kerberos.framework/Versions/A/Libraries/libHeimdalProxy.dylib
0x00000001a84f6000 	/usr/lib/libheimdal-asn1.dylib
0x00000001a2081000 	/System/Library/Frameworks/OpenDirectory.framework/Versions/A/OpenDirectory
0x00000001aad52000 	/System/Library/PrivateFrameworks/CommonAuth.framework/Versions/A/CommonAuth
0x00000001a208f000 	/System/Library/Frameworks/OpenDirectory.framework/Versions/A/Frameworks/CFOpenDirectory.framework/Versions/A/CFOpenDirectory
0x00000001a6a72000 	/usr/lib/libcharset.1.dylib
0x00000001f92ce000 	/System/Library/Frameworks/AVFAudio.framework/Versions/A/AVFAudio
0x00000001bb0ba000 	/System/Library/PrivateFrameworks/AXCoreUtilities.framework/Versions/A/AXCoreUtilities
0x0000000259460000 	/System/Library/PrivateFrameworks/IsolatedCoreAudioClient.framework/Versions/A/IsolatedCoreAudioClient
0x00000001aa890000 	/usr/lib/libAudioStatistics.dylib
0x00000001a3ef1000 	/System/Library/PrivateFrameworks/caulk.framework/Versions/A/caulk
0x000000019afa5000 	/System/Library/PrivateFrameworks/AudioToolboxCore.framework/Versions/A/AudioToolboxCore
0x00000001b4ed0000 	/System/Library/Frameworks/CoreMIDI.framework/Versions/A/CoreMIDI
0x00000001aa832000 	/System/Library/PrivateFrameworks/AudioSession.framework/Versions/A/AudioSession
0x00000001ac16b000 	/System/Library/Frameworks/IOBluetooth.framework/Versions/A/IOBluetooth
0x00000001a85e0000 	/System/Library/PrivateFrameworks/MediaExperience.framework/Versions/A/MediaExperience
0x000000027356f000 	/System/Library/PrivateFrameworks/Tightbeam.framework/Versions/A/Tightbeam
0x0000000247453000 	/System/Library/PrivateFrameworks/CoreAudioOrchestration.framework/Versions/A/CoreAudioOrchestration
0x00000001d8484000 	/System/Library/PrivateFrameworks/AFKUser.framework/Versions/A/AFKUser
0x00000001c17d2000 	/usr/lib/swift/libswiftCoreAudio.dylib
0x00000001a8700000 	/System/Library/PrivateFrameworks/AppServerSupport.framework/Versions/A/AppServerSupport
0x00000001aacd3000 	/System/Library/PrivateFrameworks/perfdata.framework/Versions/A/perfdata
0x00000001c0986000 	/System/Library/PrivateFrameworks/SystemPolicy.framework/Versions/A/SystemPolicy
0x00000001aab74000 	/usr/lib/libSMC.dylib
0x00000001a9030000 	/usr/lib/libAudioToolboxUtility.dylib
0x00000001aace1000 	/usr/lib/libperfcheck.dylib
0x000000024329b000 	/System/Library/PrivateFrameworks/AudioAnalytics.framework/Versions/A/AudioAnalytics
0x00000001e4f95000 	/System/Library/Frameworks/OSLog.framework/Versions/A/OSLog
0x00000001c1799000 	/usr/lib/libmis.dylib
0x00000001aa640000 	/System/Library/PrivateFrameworks/AudioSession.framework/libSessionUtility.dylib
0x00000001a9181000 	/System/Library/PrivateFrameworks/CMCaptureCore.framework/Versions/A/CMCaptureCore
0x00000001fa977000 	/System/Library/Frameworks/ExtensionFoundation.framework/Versions/A/ExtensionFoundation
0x00000001b08a4000 	/System/Library/PrivateFrameworks/CoreTime.framework/Versions/A/CoreTime
0x00000001a83da000 	/System/Library/PrivateFrameworks/PlugInKit.framework/Versions/A/PlugInKit
0x00000001af3cb000 	/System/Library/Frameworks/CoreBluetooth.framework/Versions/A/CoreBluetooth
0x00000001b2bdb000 	/System/Library/Frameworks/AudioUnit.framework/Versions/A/AudioUnit
0x00000001a5c2b000 	/System/Library/PrivateFrameworks/CoreUtils.framework/Versions/A/CoreUtils
0x000000024a406000 	/System/Library/PrivateFrameworks/CoreUtilsExtras.framework/Versions/A/CoreUtilsExtras
0x00000001ae804000 	/System/Library/Frameworks/MediaAccessibility.framework/Versions/A/MediaAccessibility
0x00000001c9df0000 	/System/Library/PrivateFrameworks/AttributeGraph.framework/Versions/A/AttributeGraph
0x000000027fc5d000 	/usr/lib/libAXSafeCategoryBundle.dylib
0x00000001bb176000 	/usr/lib/libAccessibility.dylib
0x00000001a5a75000 	/System/Library/Frameworks/Accelerate.framework/Versions/A/Frameworks/vecLib.framework/Versions/A/libvDSP.dylib
0x00000001a6ddf000 	/System/Library/Frameworks/Accelerate.framework/Versions/A/Frameworks/vecLib.framework/Versions/A/libLAPACK.dylib
0x00000001a5f3b000 	/System/Library/Frameworks/Accelerate.framework/Versions/A/Frameworks/vecLib.framework/Versions/A/libLinearAlgebra.dylib
0x00000001a6cda000 	/System/Library/Frameworks/Accelerate.framework/Versions/A/Frameworks/vecLib.framework/Versions/A/libSparseBLAS.dylib
0x00000001a6dda000 	/System/Library/Frameworks/Accelerate.framework/Versions/A/Frameworks/vecLib.framework/Versions/A/libQuadrature.dylib
0x00000001a4fc8000 	/System/Library/Frameworks/Accelerate.framework/Versions/A/Frameworks/vecLib.framework/Versions/A/libBNNS.dylib
0x0000000199a46000 	/System/Library/Frameworks/Accelerate.framework/Versions/A/Frameworks/vecLib.framework/Versions/A/libSparse.dylib
0x000000025abd7000 	/System/Library/PrivateFrameworks/MIL.framework/Versions/A/MIL
0x00000001a9114000 	/System/Library/PrivateFrameworks/GPUWrangler.framework/Versions/A/GPUWrangler
0x00000001a90f4000 	/System/Library/PrivateFrameworks/IOPresentment.framework/Versions/A/IOPresentment
0x00000001a911c000 	/System/Library/PrivateFrameworks/DSExternalDisplay.framework/Versions/A/DSExternalDisplay
0x00000001e539c000 	/System/Library/PrivateFrameworks/HIDDisplay.framework/Versions/A/HIDDisplay
0x00000001ba394000 	/System/Library/PrivateFrameworks/HID.framework/Versions/A/HID
0x0000000276db1000 	/System/Library/PrivateFrameworks/VideoToolboxParavirtualizationSupport.framework/Versions/A/VideoToolboxParavirtualizationSupport
0x00000001a8492000 	/System/Library/PrivateFrameworks/AppleVA.framework/Versions/A/AppleVA
0x00000001b0413000 	/System/Library/PrivateFrameworks/GraphicsServices.framework/Versions/A/GraphicsServices
0x00000001aaec5000 	/System/Library/PrivateFrameworks/CorePhoneNumbers.framework/Versions/A/CorePhoneNumbers
0x00000001af5b3000 	/System/Library/PrivateFrameworks/MediaKit.framework/Versions/A/MediaKit
0x00000001af4fe000 	/System/Library/Frameworks/DiscRecording.framework/Versions/A/DiscRecording
0x00000001aacb4000 	/System/Library/PrivateFrameworks/NetAuth.framework/Versions/A/NetAuth
0x00000001a227f000 	/System/Library/PrivateFrameworks/login.framework/Versions/A/Frameworks/loginsupport.framework/Versions/A/loginsupport
0x00000001a8500000 	/System/Library/PrivateFrameworks/IconFoundation.framework/Versions/A/IconFoundation
0x00000001a827d000 	/usr/lib/libIOReport.dylib
0x0000000242eab000 	/System/Library/PrivateFrameworks/AppleMobileFileIntegrity.framework/Versions/A/AppleMobileFileIntegrity
0x000000028001f000 	/usr/lib/libTLE.dylib
0x00000001f5da4000 	/System/Library/PrivateFrameworks/ConfigProfileHelper.framework/Versions/A/ConfigProfileHelper
0x00000001a5ed8000 	/usr/lib/libmecab.dylib
0x0000000199bd6000 	/usr/lib/libCRFSuite.dylib
0x00000001a4ea4000 	/System/Library/PrivateFrameworks/CoreNLP.framework/Versions/A/CoreNLP
0x00000001a6c92000 	/usr/lib/libThaiTokenizer.dylib
0x00000001a5ea2000 	/usr/lib/libCheckFix.dylib
0x00000001a14c2000 	/System/Library/PrivateFrameworks/MetadataUtilities.framework/Versions/A/MetadataUtilities
0x000000025640c000 	/System/Library/PrivateFrameworks/InstalledContentLibrary.framework/Versions/A/InstalledContentLibrary
0x000000019c6c2000 	/System/Library/PrivateFrameworks/CoreServicesStore.framework/Versions/A/CoreServicesStore
0x00000001d3c56000 	/System/Library/PrivateFrameworks/MobileSystemServices.framework/Versions/A/MobileSystemServices
0x00000001a813e000 	/usr/lib/libxslt.1.dylib
0x00000001a5e65000 	/System/Library/PrivateFrameworks/BackgroundTaskManagement.framework/Versions/A/BackgroundTaskManagement
0x00000001b233a000 	/usr/lib/libcurl.4.dylib
0x0000000280253000 	/usr/lib/libcrypto.46.dylib
0x0000000280d7d000 	/usr/lib/libssl.48.dylib
0x00000001b2012000 	/System/Library/Frameworks/LDAP.framework/Versions/A/LDAP
0x00000001b204e000 	/System/Library/PrivateFrameworks/TrustEvaluationAgent.framework/Versions/A/TrustEvaluationAgent
0x00000001aa972000 	/usr/lib/libsasl2.2.dylib
0x00000001beb5b000 	/usr/lib/swift/libswiftCoreGraphics.dylib
0x00000001aee33000 	/usr/lib/swift/libswiftFoundation.dylib
0x00000001f582e000 	/usr/lib/swift/libswiftSwiftOnoneSupport.dylib
0x00000001e1648000 	/System/Library/PrivateFrameworks/CoreMaterial.framework/Versions/A/CoreMaterial
0x0000000267616000 	/System/Library/PrivateFrameworks/SFSymbols.framework/Versions/A/SFSymbols
0x00000001ae0fe000 	/System/Library/PrivateFrameworks/SpeechRecognitionCore.framework/Versions/A/SpeechRecognitionCore
0x0000000107160000 	/Users/celestingrillot/Documents/curseforge/minecraft/Install/java/java-runtime-delta/Contents/Home/lib/server/libjvm.dylib
0x00000001008a0000 	/Users/celestingrillot/Documents/curseforge/minecraft/Install/java/java-runtime-delta/Contents/Home/lib/libjimage.dylib
0x0000000100924000 	/Users/celestingrillot/Documents/curseforge/minecraft/Install/java/java-runtime-delta/Contents/Home/lib/libjava.dylib
0x0000000100c34000 	/Users/celestingrillot/Documents/curseforge/minecraft/Install/java/java-runtime-delta/Contents/Home/lib/libnio.dylib
0x0000000100c54000 	/Users/celestingrillot/Documents/curseforge/minecraft/Install/java/java-runtime-delta/Contents/Home/lib/libnet.dylib
0x0000000100c98000 	/Users/celestingrillot/Documents/curseforge/minecraft/Install/java/java-runtime-delta/Contents/Home/lib/libzip.dylib
0x0000000100c70000 	/Users/celestingrillot/Documents/curseforge/minecraft/Install/java/java-runtime-delta/Contents/Home/lib/libverify.dylib
0x0000000100cc0000 	/Users/celestingrillot/Documents/curseforge/minecraft/Install/java/java-runtime-delta/Contents/Home/lib/libmanagement.dylib
0x0000000100cd4000 	/Users/celestingrillot/Documents/curseforge/minecraft/Install/java/java-runtime-delta/Contents/Home/lib/libmanagement_ext.dylib
0x000000011e328000 	/Users/celestingrillot/Documents/curseforge/minecraft/Install/natives/neoforge-21.1.228/liblwjgl.dylib
0x000000011e374000 	/Users/celestingrillot/Documents/curseforge/minecraft/Install/natives/neoforge-21.1.228/libglfw.dylib
0x000000011f100000 	/Users/celestingrillot/Documents/curseforge/minecraft/Install/natives/neoforge-21.1.228/libjemalloc.dylib
0x00000001a1f46000 	/System/Library/PrivateFrameworks/ViewBridge.framework/Versions/A/ViewBridge
0x000000027fc61000 	/usr/lib/libAccessibilityBaseImplementations.dylib
0x000000012c9a4000 	/usr/lib/libobjc-trampolines.dylib
0x000000027a387000 	/System/Library/PrivateFrameworks/WritingToolsUI.framework/Versions/A/WritingToolsUI
0x0000000252a17000 	/System/Library/PrivateFrameworks/GenerativeAssistantSettings.framework/Versions/A/GenerativeAssistantSettings
0x00000002717b1000 	/System/Library/PrivateFrameworks/TextComposer.framework/Versions/A/TextComposer
0x00000001c17fa000 	/usr/lib/swift/libswiftIntents.dylib
0x0000000280ffb000 	/usr/lib/swift/libswiftSpatial.dylib
0x00000001f9427000 	/System/Library/Frameworks/AppIntents.framework/Versions/A/AppIntents
0x00000001c86c8000 	/System/Library/Frameworks/SwiftUI.framework/Versions/A/SwiftUI
0x00000001bec37000 	/System/Library/Frameworks/WebKit.framework/Versions/A/WebKit
0x000000023e3c2000 	/System/Library/Frameworks/_AuthenticationServices_SwiftUI.framework/Versions/A/_AuthenticationServices_SwiftUI
0x0000000240fa2000 	/System/Library/PrivateFrameworks/Anvil.framework/Versions/A/Anvil
0x00000001c7d3d000 	/System/Library/PrivateFrameworks/AppStoreDaemon.framework/Versions/A/AppStoreDaemon
0x00000001b50eb000 	/System/Library/PrivateFrameworks/AppleMediaServices.framework/Versions/A/AppleMediaServices
0x00000001c47bc000 	/System/Library/PrivateFrameworks/AppleMediaServicesUI.framework/Versions/A/AppleMediaServicesUI
0x00000002529f1000 	/System/Library/PrivateFrameworks/GenerativeAssistantCommon.framework/Versions/A/GenerativeAssistantCommon
0x00000001f4e47000 	/System/Library/PrivateFrameworks/JetEngine.framework/Versions/A/JetEngine
0x000000025a538000 	/System/Library/PrivateFrameworks/LinkMetadata.framework/Versions/A/LinkMetadata
0x00000001c207c000 	/System/Library/PrivateFrameworks/OnBoardingKit.framework/Versions/A/OnBoardingKit
0x0000000268491000 	/System/Library/PrivateFrameworks/Settings.framework/Versions/A/Settings
0x00000001a68e2000 	/System/Library/Frameworks/CoreSpotlight.framework/Versions/A/CoreSpotlight
0x000000025a779000 	/System/Library/PrivateFrameworks/LinkServices.framework/Versions/A/LinkServices
0x000000024b096000 	/System/Library/PrivateFrameworks/DoNotDisturb.framework/Versions/A/DoNotDisturb
0x00000001c6560000 	/System/Library/PrivateFrameworks/IntentsCore.framework/Versions/A/IntentsCore
0x0000000243688000 	/System/Library/PrivateFrameworks/AvailabilityKit.framework/Versions/A/AvailabilityKit
0x00000002411f2000 	/System/Library/PrivateFrameworks/AppIntentSchemas.framework/Versions/A/AppIntentSchemas
0x00000002702c7000 	/System/Library/PrivateFrameworks/StatusKit.framework/Versions/A/StatusKit
0x00000002667c3000 	/System/Library/PrivateFrameworks/RecapPerformanceTesting.framework/Versions/A/RecapPerformanceTesting
0x00000001c206c000 	/System/Library/PrivateFrameworks/SignpostCollection.framework/Versions/A/SignpostCollection
0x000000028001e000 	/usr/lib/libSpatial.dylib
0x00000001b4ae1000 	/System/Library/Frameworks/WebKit.framework/Versions/A/Frameworks/WebKitLegacy.framework/Versions/A/WebKitLegacy
0x00000001c03a9000 	/System/Library/Frameworks/Carbon.framework/Versions/A/Carbon
0x00000001b2a27000 	/System/Library/PrivateFrameworks/CorePrediction.framework/Versions/A/CorePrediction
0x00000001a2f38000 	/System/Library/Frameworks/WebKit.framework/Versions/A/Frameworks/WebCore.framework/Versions/A/Frameworks/libwebrtc.dylib
0x00000001bebc3000 	/System/Library/PrivateFrameworks/SafariSafeBrowsing.framework/Versions/A/SafariSafeBrowsing
0x00000001aa9fb000 	/System/Library/Frameworks/SecurityInterface.framework/Versions/A/SecurityInterface
0x00000001c207b000 	/System/Library/PrivateFrameworks/WebInspectorUI.framework/Versions/A/WebInspectorUI
0x00000001b73e6000 	/System/Library/Frameworks/JavaScriptCore.framework/Versions/A/JavaScriptCore
0x00000001bb1a7000 	/System/Library/Frameworks/WebKit.framework/Versions/A/Frameworks/WebCore.framework/Versions/A/WebCore
0x00000001b73df000 	/System/Library/Frameworks/Carbon.framework/Versions/A/Frameworks/CommonPanels.framework/Versions/A/CommonPanels
0x00000001b2325000 	/System/Library/Frameworks/Carbon.framework/Versions/A/Frameworks/Help.framework/Versions/A/Help
0x00000001b73e3000 	/System/Library/Frameworks/Carbon.framework/Versions/A/Frameworks/ImageCapture.framework/Versions/A/ImageCapture
0x00000001b73bf000 	/System/Library/Frameworks/Carbon.framework/Versions/A/Frameworks/OpenScripting.framework/Versions/A/OpenScripting
0x00000001b73de000 	/System/Library/Frameworks/Carbon.framework/Versions/A/Frameworks/Ink.framework/Versions/A/Ink
0x00000001b73db000 	/System/Library/Frameworks/Carbon.framework/Versions/A/Frameworks/SecurityHI.framework/Versions/A/SecurityHI
0x00000001f9e05000 	/System/Library/Frameworks/BrowserEngineCore.framework/Versions/A/BrowserEngineCore
0x000000023df20000 	/System/Library/Frameworks/WebKit.framework/Versions/A/Frameworks/WebCore.framework/Versions/A/Frameworks/libANGLE-shared.dylib
0x0000000278f7e000 	/System/Library/PrivateFrameworks/WebGPU.framework/Versions/A/WebGPU
0x00000001c3e4e000 	/System/Library/Frameworks/SceneKit.framework/Versions/A/SceneKit
0x00000001d447d000 	/System/Library/Frameworks/ModelIO.framework/Versions/A/ModelIO
0x00000001ac336000 	/System/Library/Frameworks/MetalKit.framework/Versions/A/MetalKit
0x00000001ae415000 	/System/Library/Frameworks/GLKit.framework/Versions/A/GLKit
0x0000000281534000 	/usr/lib/usd/libusd_ms.dylib
0x00000002755c6000 	/System/Library/PrivateFrameworks/USDLib_FormatLoaderProxy.framework/Versions/A/USDLib_FormatLoaderProxy
0x00000001c1282000 	/System/Library/PrivateFrameworks/CoreOptimization.framework/Versions/A/CoreOptimization
0x000000024355b000 	/System/Library/PrivateFrameworks/AuthenticationServicesCore.framework/Versions/A/AuthenticationServicesCore
0x00000001cafdf000 	/System/Library/Frameworks/AuthenticationServices.framework/Versions/A/AuthenticationServices
0x00000001a83b6000 	/System/Library/PrivateFrameworks/SharedWebCredentials.framework/Versions/A/SharedWebCredentials
0x00000001c2eb8000 	/System/Library/PrivateFrameworks/SafariCore.framework/Versions/A/SafariCore
0x00000001cab37000 	/System/Library/PrivateFrameworks/SafariFoundation.framework/Versions/A/SafariFoundation
0x00000002446c5000 	/System/Library/PrivateFrameworks/CBORLibrary.framework/Versions/A/CBORLibrary
0x000000024546d000 	/System/Library/PrivateFrameworks/Chirp.framework/Versions/A/Chirp
0x00000001f60d9000 	/System/Library/PrivateFrameworks/RemoteManagement.framework/Versions/A/RemoteManagement
0x0000000266b19000 	/System/Library/PrivateFrameworks/RemoteManagementModel.framework/Versions/A/RemoteManagementModel
0x0000000266ba6000 	/System/Library/PrivateFrameworks/RemoteManagementStore.framework/Versions/A/RemoteManagementStore
0x00000001ac354000 	/usr/lib/libxcselect.dylib
0x00000001caaa6000 	/System/Library/PrivateFrameworks/DifferentialPrivacy.framework/Versions/A/DifferentialPrivacy
0x00000001af0e4000 	/System/Library/Frameworks/Contacts.framework/Versions/A/Contacts
0x0000000275dea000 	/System/Library/PrivateFrameworks/VDAF.framework/Versions/A/VDAF
0x00000001aef01000 	/System/Library/PrivateFrameworks/ContactsPersistence.framework/Versions/A/ContactsPersistence
0x00000001ae118000 	/System/Library/PrivateFrameworks/AppleLDAP.framework/Versions/A/AppleLDAP
0x00000001b26ce000 	/System/Library/Frameworks/ClassKit.framework/Versions/A/ClassKit
0x00000001b480d000 	/System/Library/PrivateFrameworks/CoreSuggestions.framework/Versions/A/CoreSuggestions
0x00000001aee34000 	/System/Library/PrivateFrameworks/ContactsFoundation.framework/Versions/A/ContactsFoundation
0x00000001b03d5000 	/System/Library/PrivateFrameworks/vCard.framework/Versions/A/vCard
0x0000000246c90000 	/System/Library/PrivateFrameworks/ContactsMetrics.framework/Versions/A/ContactsMetrics
0x00000001a87d2000 	/System/Library/PrivateFrameworks/login.framework/Versions/A/login
0x000000025c8c1000 	/System/Library/PrivateFrameworks/ManagedOrganizationContacts.framework/Versions/A/ManagedOrganizationContacts
0x00000001a26a4000 	/System/Library/PrivateFrameworks/CloudDocs.framework/Versions/A/CloudDocs
0x00000001b3dfc000 	/System/Library/PrivateFrameworks/ConfigurationProfiles.framework/Versions/A/ConfigurationProfiles
0x000000024a616000 	/System/Library/PrivateFrameworks/DMCUtilities.framework/Versions/A/DMCUtilities
0x000000025ab54000 	/System/Library/PrivateFrameworks/MDMClientLibrary.framework/Versions/A/MDMClientLibrary
0x0000000266b9a000 	/System/Library/PrivateFrameworks/RemoteManagementProtocol.framework/Versions/A/RemoteManagementProtocol
0x000000027fe2a000 	/usr/lib/libEndpointSecuritySystem.dylib
0x00000001ae83e000 	/System/Library/PrivateFrameworks/SystemAdministration.framework/Versions/A/SystemAdministration
0x00000001b8cec000 	/System/Library/PrivateFrameworks/PowerlogControl.framework/Versions/A/PowerlogControl
0x00000001a5e94000 	/System/Library/Frameworks/ServiceManagement.framework/Versions/A/ServiceManagement
0x00000001b8cee000 	/usr/lib/libUniversalAccess.dylib
0x00000001b59b9000 	/System/Library/PrivateFrameworks/FamilyControls.framework/Versions/A/FamilyControls
0x00000001ae0c9000 	/System/Library/Frameworks/DirectoryService.framework/Versions/A/DirectoryService
0x00000001b23bc000 	/System/Library/PrivateFrameworks/LoginUIKit.framework/Versions/A/Frameworks/LoginUICore.framework/Versions/A/LoginUICore
0x00000001a89c2000 	/usr/lib/libodfde.dylib
0x00000001b59b3000 	/System/Library/PrivateFrameworks/UniversalAccess.framework/Versions/A/Libraries/libUAPreferences.dylib
0x00000001b59dd000 	/System/Library/PrivateFrameworks/CommerceKit.framework/Versions/A/Frameworks/CommerceCore.framework/Versions/A/CommerceCore
0x000000024a5c4000 	/System/Library/PrivateFrameworks/DEPClientLibrary.framework/Versions/A/DEPClientLibrary
0x000000024a5e4000 	/System/Library/PrivateFrameworks/DMCEnrollmentLibrary.framework/Versions/A/DMCEnrollmentLibrary
0x00000001b8dd2000 	/System/Library/PrivateFrameworks/SetupAssistantFramework.framework/Versions/A/SetupAssistantFramework
0x00000001b2a81000 	/System/Library/PrivateFrameworks/AuthKitUI.framework/Versions/A/AuthKitUI
0x00000001b2406000 	/System/Library/PrivateFrameworks/AppSSO.framework/Versions/A/AppSSO
0x00000001c7aa3000 	/System/Library/PrivateFrameworks/LocalAuthenticationUI.framework/Versions/A/LocalAuthenticationUI
0x0000000264d58000 	/System/Library/PrivateFrameworks/PlatformSSO.framework/Versions/A/PlatformSSO
0x00000001c8490000 	/System/Library/PrivateFrameworks/AOSUI.framework/Versions/A/AOSUI
0x00000001ba863000 	/System/Library/Frameworks/ContactsUI.framework/Versions/A/ContactsUI
0x00000001af31b000 	/System/Library/PrivateFrameworks/FamilyCircle.framework/Versions/A/FamilyCircle
0x00000001d5b2c000 	/System/Library/Frameworks/LinkPresentation.framework/Versions/A/LinkPresentation
0x0000000264e24000 	/System/Library/PrivateFrameworks/PlatformSSOCore.framework/Versions/A/PlatformSSOCore
0x00000001ba575000 	/System/Library/PrivateFrameworks/IASUtilities.framework/Versions/A/IASUtilities
0x0000000255a58000 	/System/Library/PrivateFrameworks/IASUtilitiesCore.framework/Versions/A/IASUtilitiesCore
0x000000025aa3c000 	/System/Library/PrivateFrameworks/LocalAuthenticationCoreUI.framework/Versions/A/LocalAuthenticationCoreUI
0x00000001c1517000 	/System/Library/Frameworks/LocalAuthentication.framework/Support/DaemonUtils.framework/Versions/A/DaemonUtils
0x00000001c4783000 	/System/Library/PrivateFrameworks/BridgeXPC.framework/Versions/A/BridgeXPC
0x00000001a87f6000 	/System/Library/PrivateFrameworks/CoreBrightness.framework/Versions/A/CoreBrightness
0x00000001c2155000 	/System/Library/PrivateFrameworks/CoreKDL.framework/Versions/A/CoreKDL
0x00000001c097f000 	/System/Library/PrivateFrameworks/EmbeddedOSSupportHost.framework/Versions/A/EmbeddedOSSupportHost
0x0000000270fda000 	/System/Library/PrivateFrameworks/SystemStatus.framework/Versions/A/SystemStatus
0x00000001cfc06000 	/System/Library/PrivateFrameworks/StorageKit.framework/Versions/A/StorageKit
0x00000001f7753000 	/System/Library/Frameworks/DeviceCheck.framework/Versions/A/DeviceCheck
0x00000001faa7e000 	/System/Library/Frameworks/FSKit.framework/Versions/A/FSKit
0x000000024adb4000 	/System/Library/PrivateFrameworks/DiskImages2.framework/Versions/A/DiskImages2
0x000000025a8c9000 	/System/Library/PrivateFrameworks/LiveFS.framework/Versions/A/LiveFS
0x000000027d6c9000 	/System/Library/PrivateFrameworks/icloudMCCKit.framework/Versions/A/icloudMCCKit
0x0000000241ef0000 	/System/Library/PrivateFrameworks/AppleAccountUI.framework/Versions/A/AppleAccountUI
0x0000000245f93000 	/System/Library/PrivateFrameworks/CloudSubscriptionFeatures.framework/Versions/A/CloudSubscriptionFeatures
0x00000001e1614000 	/System/Library/PrivateFrameworks/PreferencePanesSupport.framework/Versions/A/PreferencePanesSupport
0x00000001c8640000 	/System/Library/PrivateFrameworks/FindMyDeviceUI.framework/Versions/A/FindMyDeviceUI
0x000000027b301000 	/System/Library/PrivateFrameworks/iCloudQuotaUI.framework/Versions/A/iCloudQuotaUI
0x00000001e17c7000 	/System/Library/PrivateFrameworks/CoreCDPUI.framework/Versions/A/CoreCDPUI
0x00000001c2c1f000 	/System/Library/PrivateFrameworks/CoreFollowUpUI.framework/Versions/A/CoreFollowUpUI
0x00000001aaa34000 	/System/Library/PrivateFrameworks/CoreFollowUp.framework/Versions/A/CoreFollowUp
0x00000001ce981000 	/System/Library/PrivateFrameworks/IMCore.framework/Versions/A/IMCore
0x00000001b8d54000 	/System/Library/PrivateFrameworks/CoreCDP.framework/Versions/A/CoreCDP
0x00000001b50dd000 	/System/Library/PrivateFrameworks/AskPermission.framework/Versions/A/AskPermission
0x00000001c64db000 	/System/Library/Frameworks/Quartz.framework/Versions/A/Quartz
0x00000001d24aa000 	/System/Library/PrivateFrameworks/CloudPhotoServicesConfiguration.framework/Versions/A/CloudPhotoServicesConfiguration
0x00000001c4ef1000 	/System/Library/PrivateFrameworks/CommerceKit.framework/Versions/A/CommerceKit
0x00000001d3de8000 	/System/Library/PrivateFrameworks/FindMyMac.framework/Versions/A/FindMyMac
0x00000001d3cbf000 	/System/Library/Frameworks/PreferencePanes.framework/Versions/A/PreferencePanes
0x00000001c7b9b000 	/System/Library/Frameworks/AddressBook.framework/Versions/A/AddressBook
0x00000001b40c5000 	/System/Library/PrivateFrameworks/AOSAccounts.framework/Versions/A/AOSAccounts
0x00000001ae838000 	/System/Library/PrivateFrameworks/AppleSRP.framework/Versions/A/AppleSRP
0x00000001c1431000 	/System/Library/Frameworks/SafariServices.framework/Versions/A/SafariServices
0x00000001b2be3000 	/System/Library/PrivateFrameworks/NetFSServer.framework/Versions/A/NetFSServer
0x00000001c3d27000 	/System/Library/Frameworks/PDFKit.framework/Versions/A/PDFKit
0x00000001d4ce0000 	/System/Library/PrivateFrameworks/EmailFoundation.framework/Versions/A/EmailFoundation
0x00000001d3d1c000 	/System/Library/PrivateFrameworks/EmailCore.framework/Versions/A/EmailCore
0x00000001d7b0c000 	/System/Library/PrivateFrameworks/EmailAddressing.framework/Versions/A/EmailAddressing
0x00000001d7b18000 	/System/Library/PrivateFrameworks/Email.framework/Versions/A/Email
0x00000001fff6f000 	/System/Library/Frameworks/TabularData.framework/Versions/A/TabularData
0x0000000280fdb000 	/usr/lib/swift/libswiftPassKit.dylib
0x00000002437ca000 	/System/Library/PrivateFrameworks/BackgroundSystemTasks.framework/Versions/A/BackgroundSystemTasks
0x000000025aacb000 	/System/Library/PrivateFrameworks/LockdownMode.framework/Versions/A/LockdownMode
0x00000001af315000 	/System/Library/PrivateFrameworks/CommunicationsFilter.framework/Versions/A/CommunicationsFilter
0x00000001e52d8000 	/System/Library/Frameworks/PassKit.framework/Versions/A/PassKit
0x00000001b64dd000 	/System/Library/PrivateFrameworks/PassKitCore.framework/Versions/A/PassKitCore
0x000000026230f000 	/System/Library/PrivateFrameworks/PassKitMacHelperTemp.framework/Versions/A/PassKitMacHelperTemp
0x000000024122f000 	/System/Library/PrivateFrameworks/AppIntentsServices.framework/Versions/A/AppIntentsServices
0x00000001b3cdb000 	/System/Library/PrivateFrameworks/CoreRecents.framework/Versions/A/CoreRecents
0x00000001c1564000 	/System/Library/PrivateFrameworks/BiometricKit.framework/Versions/A/BiometricKit
0x0000000267557000 	/System/Library/PrivateFrameworks/SEService.framework/Versions/A/SEService
0x00000001b48d9000 	/System/Library/Frameworks/EventKit.framework/Versions/A/EventKit
0x00000001c6580000 	/System/Library/PrivateFrameworks/NearField.framework/Versions/A/NearField
0x00000001c82b8000 	/System/Library/PrivateFrameworks/FTClientServices.framework/Versions/A/FTClientServices
0x00000001e1035000 	/System/Library/PrivateFrameworks/DiagnosticRequest.framework/Versions/A/DiagnosticRequest
0x000000027ffd8000 	/usr/lib/libSESShared.dylib
0x00000002676f8000 	/System/Library/PrivateFrameworks/STSXPCHelperClient.framework/Versions/A/STSXPCHelperClient
0x0000000270dad000 	/System/Library/PrivateFrameworks/Symptoms.framework/Versions/A/Frameworks/SymptomPresentationFeed.framework/Versions/A/SymptomPresentationFeed
0x00000002427a3000 	/System/Library/PrivateFrameworks/AppleMediaServicesKitInternal.framework/Versions/A/AppleMediaServicesKitInternal
0x0000000270b28000 	/System/Library/PrivateFrameworks/SymptomShared.framework/Versions/A/SymptomShared
0x0000000244ffd000 	/System/Library/PrivateFrameworks/CalendarDatabase.framework/Versions/A/CalendarDatabase
0x0000000244f51000 	/System/Library/PrivateFrameworks/CalendarDaemon.framework/Versions/A/CalendarDaemon
0x00000001b3d30000 	/System/Library/PrivateFrameworks/CalendarFoundation.framework/Versions/A/CalendarFoundation
0x00000001b3cec000 	/System/Library/PrivateFrameworks/iCalendar.framework/Versions/A/iCalendar
0x000000024a84b000 	/System/Library/PrivateFrameworks/DataAccessExpress.framework/Versions/A/DataAccessExpress
0x00000001ba407000 	/System/Library/PrivateFrameworks/CoreDAV.framework/Versions/A/CoreDAV
0x00000001b47ae000 	/System/Library/PrivateFrameworks/CalDAV.framework/Versions/A/CalDAV
0x00000001be920000 	/System/Library/PrivateFrameworks/TelephonyUtilities.framework/Versions/A/TelephonyUtilities
0x00000001c2cea000 	/System/Library/Frameworks/CallKit.framework/Versions/A/CallKit
0x00000001ea923000 	/System/Library/PrivateFrameworks/IMTransferServices.framework/Versions/A/IMTransferServices
0x00000001c129c000 	/System/Library/PrivateFrameworks/IncomingCallFilter.framework/Versions/A/IncomingCallFilter
0x000000025fc15000 	/System/Library/PrivateFrameworks/NeighborhoodActivityConduit.framework/Versions/A/NeighborhoodActivityConduit
0x000000027fe00000 	/usr/lib/libBASupport.dylib
0x00000001ce72b000 	/System/Library/PrivateFrameworks/SpotlightReceiver.framework/Versions/A/SpotlightReceiver
0x00000001c7f59000 	/usr/lib/libnfshared.dylib
0x00000001e7b06000 	/System/Library/PrivateFrameworks/PassKitUIFoundation.framework/Versions/A/PassKitUIFoundation
0x00000001ae12a000 	/System/Library/Frameworks/MapKit.framework/Versions/A/MapKit
0x00000001faa42000 	/System/Library/Frameworks/ExtensionKit.framework/Versions/A/ExtensionKit
0x0000000252e7a000 	/System/Library/PrivateFrameworks/GeoAnalytics.framework/Versions/A/GeoAnalytics
0x00000001c22aa000 	/System/Library/PrivateFrameworks/SearchFoundation.framework/Versions/A/SearchFoundation
0x00000001c7f8f000 	/System/Library/PrivateFrameworks/Navigation.framework/Versions/A/Navigation
0x00000001d0fcb000 	/System/Library/PrivateFrameworks/VectorKit.framework/Versions/A/VectorKit
0x00000001ba63d000 	/System/Library/PrivateFrameworks/VirtualGarage.framework/Versions/A/VirtualGarage
0x00000001c8108000 	/System/Library/Frameworks/ExternalAccessory.framework/ExternalAccessory
0x00000001c8122000 	/System/Library/PrivateFrameworks/IAP.framework/Versions/A/IAP
0x00000001ae3dd000 	/System/Library/PrivateFrameworks/IOPlatformPluginFamily.framework/Versions/A/IOPlatformPluginFamily
0x000000024368b000 	/System/Library/PrivateFrameworks/AvatarKit.framework/Versions/A/AvatarKit
0x0000000243743000 	/System/Library/PrivateFrameworks/AvatarPersistence.framework/Versions/A/AvatarPersistence
0x0000000266c0f000 	/System/Library/PrivateFrameworks/RemoteUI.framework/Versions/A/RemoteUI
0x00000001ae4e1000 	/usr/lib/libCTGreenTeaLogger.dylib
0x0000000200199000 	/System/Library/Frameworks/TipKit.framework/Versions/A/TipKit
0x00000001e328f000 	/System/Library/PrivateFrameworks/AppleCVA.framework/Versions/A/AppleCVA
0x0000000243742000 	/System/Library/PrivateFrameworks/AvatarKitContent.framework/Versions/A/AvatarKitContent
0x00000001ae509000 	/System/Library/PrivateFrameworks/CoreAppleCVA.framework/Versions/A/CoreAppleCVA
0x0000000259907000 	/System/Library/PrivateFrameworks/LiftUI.framework/Versions/A/LiftUI
0x0000000245f02000 	/System/Library/PrivateFrameworks/CloudSettings.framework/Versions/A/CloudSettings
0x00000001c0ec6000 	/System/Library/PrivateFrameworks/CoreRoutine.framework/Versions/A/CoreRoutine
0x00000001cf75b000 	/System/Library/PrivateFrameworks/Categories.framework/Versions/A/Categories
0x0000000246402000 	/System/Library/PrivateFrameworks/Coherence.framework/Versions/A/Coherence
0x00000001be81b000 	/System/Library/PrivateFrameworks/CoreParsec.framework/Versions/A/CoreParsec
0x000000026299e000 	/System/Library/PrivateFrameworks/PegasusAPI.framework/Versions/A/PegasusAPI
0x000000026366c000 	/System/Library/PrivateFrameworks/PegasusConfiguration.framework/Versions/A/PegasusConfiguration
0x000000025aaa2000 	/System/Library/PrivateFrameworks/LocalStatusKit.framework/Versions/A/LocalStatusKit
0x00000001c2e9e000 	/System/Library/PrivateFrameworks/ContextKit.framework/Versions/A/ContextKit
0x0000000246dbd000 	/System/Library/PrivateFrameworks/ContextKitCore.framework/Versions/A/ContextKitCore
0x00000001c82bc000 	/System/Library/PrivateFrameworks/CharacterPicker.framework/Versions/A/CharacterPicker
0x00000001c13a3000 	/System/Library/PrivateFrameworks/ContactsDonation.framework/Versions/A/ContactsDonation
0x00000001ba75f000 	/System/Library/PrivateFrameworks/ContactsUICore.framework/Versions/A/ContactsUICore
0x00000001c0ca9000 	/System/Library/PrivateFrameworks/DataDetectors.framework/Versions/A/DataDetectors
0x00000001b479a000 	/System/Library/Frameworks/MediaLibrary.framework/Versions/A/MediaLibrary
0x00000001af304000 	/System/Library/PrivateFrameworks/PersonaKit.framework/Versions/A/PersonaKit
0x00000001ba74d000 	/System/Library/PrivateFrameworks/PersonaUI.framework/Versions/A/PersonaUI
0x0000000256319000 	/System/Library/PrivateFrameworks/InputToolKitUI.framework/Versions/A/InputToolKitUI
0x0000000256304000 	/System/Library/PrivateFrameworks/InputToolKit.framework/Versions/A/InputToolKit
0x0000000270400000 	/System/Library/PrivateFrameworks/Stickers.framework/Versions/A/Stickers
0x0000000256272000 	/System/Library/PrivateFrameworks/InputAnalytics.framework/Versions/A/InputAnalytics
0x00000001c9e33000 	/System/Library/PrivateFrameworks/EmojiFoundation.framework/Versions/A/EmojiFoundation
0x000000024c1ec000 	/System/Library/PrivateFrameworks/FeedbackService.framework/Versions/A/FeedbackService
0x00000001aef80000 	/System/Library/PrivateFrameworks/AddressBookCore.framework/Versions/A/AddressBookCore
0x00000001c2b9f000 	/System/Library/PrivateFrameworks/IntlPreferences.framework/Versions/A/IntlPreferences
0x00000001c7d1e000 	/System/Library/PrivateFrameworks/ToneKit.framework/Versions/A/ToneKit
0x00000001c2be5000 	/System/Library/PrivateFrameworks/ToneLibrary.framework/Versions/A/ToneLibrary
0x0000000246c56000 	/System/Library/PrivateFrameworks/ContactsAccounts.framework/Versions/A/ContactsAccounts
0x00000001d36de000 	/System/Library/PrivateFrameworks/Transparency.framework/Versions/A/Transparency
0x00000001c63f8000 	/System/Library/PrivateFrameworks/Lookup.framework/Versions/A/Lookup
0x00000001fe36d000 	/System/Library/Frameworks/QuickLookUI.framework/Versions/A/QuickLookUI
0x00000001fed4d000 	/System/Library/Frameworks/ScreenCaptureKit.framework/Versions/A/ScreenCaptureKit
0x00000001c383b000 	/System/Library/Frameworks/Quartz.framework/Versions/A/Frameworks/QuartzComposer.framework/Versions/A/QuartzComposer
0x00000001c2b76000 	/System/Library/Frameworks/Quartz.framework/Versions/A/Frameworks/QuartzFilters.framework/Versions/A/QuartzFilters
0x00000001c1c5c000 	/System/Library/Frameworks/Quartz.framework/Versions/A/Frameworks/ImageKit.framework/Versions/A/ImageKit
0x00000001f90c2000 	/System/Library/Frameworks/OpenCL.framework/Versions/A/OpenCL
0x00000001c03a8000 	/System/Library/PrivateFrameworks/CorePDF.framework/Versions/A/CorePDF
0x00000001ac2cd000 	/System/Library/Frameworks/QuickLook.framework/Versions/A/QuickLook
0x00000001b63e2000 	/System/Library/PrivateFrameworks/DisplayServices.framework/Versions/A/DisplayServices
0x00000001c2ae6000 	/System/Library/Frameworks/ImageCaptureCore.framework/Versions/A/ImageCaptureCore
0x000000027789f000 	/System/Library/PrivateFrameworks/VisionKitCore.framework/Versions/A/VisionKitCore
0x00000001be7eb000 	/System/Library/PrivateFrameworks/QuickLookSupport.framework/Versions/A/QuickLookSupport
0x000000025d12b000 	/System/Library/PrivateFrameworks/MediaAnalysisServices.framework/Versions/A/MediaAnalysisServices
0x00000001c53e7000 	/System/Library/PrivateFrameworks/PhotoLibraryServices.framework/Versions/A/PhotoLibraryServices
0x00000001c272f000 	/System/Library/Frameworks/Photos.framework/Versions/A/Photos
0x00000001d5f0d000 	/System/Library/PrivateFrameworks/PhotosFormats.framework/Versions/A/PhotosFormats
0x00000001d24dc000 	/System/Library/PrivateFrameworks/CloudPhotoLibrary.framework/Versions/A/CloudPhotoLibrary
0x00000001db4fe000 	/System/Library/PrivateFrameworks/CloudPhotoServices.framework/Versions/A/CloudPhotoServices
0x00000001d7c95000 	/System/Library/PrivateFrameworks/CoreMediaStream.framework/Versions/A/CoreMediaStream
0x00000001af930000 	/System/Library/PrivateFrameworks/CPAnalytics.framework/Versions/A/CPAnalytics
0x00000001d4382000 	/System/Library/PrivateFrameworks/MediaConversionService.framework/Versions/A/MediaConversionService
0x00000001b604f000 	/System/Library/PrivateFrameworks/PhotoFoundation.framework/Versions/A/PhotoFoundation
0x0000000263c04000 	/System/Library/PrivateFrameworks/PhotoLibraryServicesCore.framework/Versions/A/PhotoLibraryServicesCore
0x00000001ce0dc000 	/System/Library/PrivateFrameworks/MMCS.framework/Versions/A/MMCS
0x00000001b4603000 	/System/Library/PrivateFrameworks/ChunkingLibrary.framework/Versions/A/ChunkingLibrary
0x00000001ae7e3000 	/System/Library/PrivateFrameworks/AssetCacheServices.framework/Versions/A/AssetCacheServices
0x00000001b050b000 	/System/Library/PrivateFrameworks/AVFoundationCF.framework/Versions/A/AVFoundationCF
0x00000001ea820000 	/usr/lib/swift/libswiftDemangle.dylib
0x00000001c0f26000 	/System/Library/PrivateFrameworks/MediaStream.framework/Versions/A/MediaStream
0x00000001d489c000 	/System/Library/PrivateFrameworks/NeutrinoCore.framework/Versions/A/NeutrinoCore
0x000000019fa49000 	/System/Library/PrivateFrameworks/NLP.framework/Versions/A/NLP
0x00000001da2aa000 	/System/Library/PrivateFrameworks/PhotoImaging.framework/Versions/A/PhotoImaging
0x00000001db4bf000 	/System/Library/PrivateFrameworks/PhotosImagingFoundation.framework/Versions/A/PhotosImagingFoundation
0x00000002646df000 	/System/Library/PrivateFrameworks/PhotosIntelligenceCore.framework/Versions/A/PhotosIntelligenceCore
0x00000001b09a2000 	/System/Library/PrivateFrameworks/EmbeddedAcousticRecognition.framework/Versions/A/EmbeddedAcousticRecognition
0x00000001d2743000 	/System/Library/PrivateFrameworks/SDAPI.framework/Versions/A/SDAPI
0x00000001db50c000 	/System/Library/PrivateFrameworks/AutoLoop.framework/Versions/A/AutoLoop
0x0000000265148000 	/System/Library/PrivateFrameworks/Portrait.framework/Versions/A/Portrait
0x0000000241f99000 	/System/Library/PrivateFrameworks/AppleDepth.framework/Versions/A/AppleDepth
0x000000024cd82000 	/System/Library/PrivateFrameworks/FusionTracker.framework/Versions/A/FusionTracker
0x0000000242087000 	/System/Library/PrivateFrameworks/AppleDepthCore.framework/Versions/A/AppleDepthCore
0x00000001c32fb000 	/System/Library/PrivateFrameworks/iTunesCloud.framework/Versions/A/iTunesCloud
0x00000001cbba1000 	/System/Library/PrivateFrameworks/DAAPKit.framework/Versions/A/DAAPKit
0x000000028105f000 	/usr/lib/swift/libswiftVideoToolbox.dylib
0x00000001beafc000 	/System/Library/PrivateFrameworks/DeviceManagement.framework/Versions/A/DeviceManagement
0x00000001e0f94000 	/System/Library/PrivateFrameworks/ScreenTimeUI.framework/Versions/A/ScreenTimeUI
0x00000001c0ca3000 	/System/Library/PrivateFrameworks/QuickLookNonBaseSystem.framework/Versions/A/QuickLookNonBaseSystem
0x00000001c1472000 	/System/Library/PrivateFrameworks/Catalyst.framework/Versions/A/Catalyst
0x000000025c8c7000 	/System/Library/PrivateFrameworks/ManagedSettingsObjC.framework/Versions/A/ManagedSettingsObjC
0x00000001c2d8c000 	/System/Library/PrivateFrameworks/ScreenTimeCore.framework/Versions/A/ScreenTimeCore
0x00000001d5470000 	/System/Library/PrivateFrameworks/ScreenTimeServiceUI.framework/Versions/A/ScreenTimeServiceUI
0x00000001ce267000 	/System/Library/PrivateFrameworks/ConfigurationEngineModel.framework/Versions/A/ConfigurationEngineModel
0x00000001d0f87000 	/System/Library/PrivateFrameworks/UsageTracking.framework/Versions/A/UsageTracking
0x00000001fa843000 	/System/Library/Frameworks/DeviceActivity.framework/Versions/A/DeviceActivity
0x00000001d0f57000 	/System/Library/PrivateFrameworks/KnowledgeMonitor.framework/Versions/A/KnowledgeMonitor
0x00000001e7aab000 	/System/Library/PrivateFrameworks/BluetoothManager.framework/Versions/A/BluetoothManager
0x00000001fb99e000 	/System/Library/Frameworks/ManagedSettings.framework/Versions/A/ManagedSettings
0x000000025c900000 	/System/Library/PrivateFrameworks/ManagedSettingsSupport.framework/Versions/A/ManagedSettingsSupport
0x00000001e53a8000 	/System/Library/Frameworks/ReplayKit.framework/Versions/A/ReplayKit
0x00000001b737b000 	/System/Library/PrivateFrameworks/MarkupUI.framework/Versions/A/MarkupUI
0x00000001c0c7b000 	/System/Library/PrivateFrameworks/SidecarCore.framework/Versions/A/SidecarCore
0x00000001c36fc000 	/System/Library/PrivateFrameworks/AnnotationKit.framework/Versions/A/AnnotationKit
0x00000002002f9000 	/System/Library/Frameworks/Translation.framework/Versions/A/Translation
0x00000001dced3000 	/System/Library/PrivateFrameworks/RevealCore.framework/Versions/A/RevealCore
0x00000001dcec7000 	/System/Library/PrivateFrameworks/Reveal.framework/Versions/A/Reveal
0x00000002746a7000 	/System/Library/PrivateFrameworks/TranslationUIServices.framework/Versions/A/TranslationUIServices
0x00000001c1ea2000 	/System/Library/Frameworks/PencilKit.framework/Versions/A/PencilKit
0x00000001c2057000 	/System/Library/PrivateFrameworks/SidecarUI.framework/Versions/A/SidecarUI
0x00000001c184f000 	/System/Library/PrivateFrameworks/CoreHandwriting.framework/Versions/A/CoreHandwriting
0x0000000199c0b000 	/usr/lib/libmecabra.dylib
0x00000001babd6000 	/System/Library/PrivateFrameworks/Calculate.framework/Versions/A/Calculate
0x00000001a816a000 	/usr/lib/libChineseTokenizer.dylib
0x00000001f6002000 	/System/Library/PrivateFrameworks/ScreenReaderCore.framework/Versions/A/ScreenReaderCore
0x00000002707d7000 	/System/Library/PrivateFrameworks/StocksKit.framework/Versions/A/StocksKit
0x00000001b9d4f000 	/System/Library/PrivateFrameworks/OAuth.framework/Versions/A/OAuth
0x0000000270484000 	/System/Library/PrivateFrameworks/StocksCore.framework/Versions/A/StocksCore
0x00000002714e8000 	/System/Library/PrivateFrameworks/TeaFoundation.framework/Versions/A/TeaFoundation
0x00000002716d1000 	/System/Library/PrivateFrameworks/TeaSettings.framework/Versions/A/TeaSettings
0x00000001ebbea000 	/System/Library/PrivateFrameworks/NewsCore.framework/Versions/A/NewsCore
0x0000000271485000 	/System/Library/PrivateFrameworks/TeaDB.framework/Versions/A/TeaDB
0x00000001e8894000 	/System/Library/PrivateFrameworks/RemoteConfiguration.framework/Versions/A/RemoteConfiguration
0x00000001eb824000 	/System/Library/PrivateFrameworks/NewsTransport.framework/Versions/A/NewsTransport
0x00000001ebbda000 	/System/Library/PrivateFrameworks/NewsFoundation.framework/Versions/A/NewsFoundation
0x000000026015d000 	/System/Library/PrivateFrameworks/NewsURLBucket.framework/Versions/A/NewsURLBucket
0x00000001c511b000 	/System/Library/PrivateFrameworks/MobileInstallation.framework/Versions/A/MobileInstallation
0x00000002736ee000 	/System/Library/PrivateFrameworks/TipKitCore.framework/Versions/A/TipKitCore
0x00000001c9eb6000 	/System/Library/PrivateFrameworks/CoreCDPInternal.framework/Versions/A/CoreCDPInternal
0x00000001b9ca1000 	/System/Library/PrivateFrameworks/AccountsDaemon.framework/Versions/A/AccountsDaemon
0x0000000266851000 	/System/Library/PrivateFrameworks/RegulatoryDomain.framework/Versions/A/RegulatoryDomain
0x00000001e17c4000 	/System/Library/PrivateFrameworks/MachineSettings.framework/Versions/A/MachineSettings
0x00000001d3c42000 	/System/Library/PrivateFrameworks/BezelServices.framework/Versions/A/BezelServices
0x00000001cbc2a000 	/System/Library/PrivateFrameworks/SPOwner.framework/Versions/A/SPOwner
0x00000001c4f56000 	/System/Library/PrivateFrameworks/FMCore.framework/Versions/A/FMCore
0x000000027b25e000 	/System/Library/PrivateFrameworks/iCloudQuota.framework/Versions/A/iCloudQuota
0x00000001ba6d2000 	/System/Library/PrivateFrameworks/CoreRecognition.framework/Versions/A/CoreRecognition
0x00000001d3cf7000 	/System/Library/PrivateFrameworks/InAppMessages.framework/Versions/A/InAppMessages
0x00000001f4d4e000 	/System/Library/PrivateFrameworks/JetUI.framework/Versions/A/JetUI
0x0000000259663000 	/System/Library/PrivateFrameworks/JetPack.framework/Versions/A/JetPack
0x00000001d3cee000 	/System/Library/PrivateFrameworks/InAppMessagesCore.framework/Versions/A/InAppMessagesCore
0x000000027a956000 	/System/Library/PrivateFrameworks/_JetEngine_SwiftUI.framework/Versions/A/_JetEngine_SwiftUI
0x0000000270dd5000 	/System/Library/PrivateFrameworks/Synapse.framework/Versions/A/Synapse
0x0000000244ded000 	/System/Library/PrivateFrameworks/CSExattrCrypto.framework/Versions/A/CSExattrCrypto
0x00000001b6060000 	/System/Library/PrivateFrameworks/IMSharedUtilities.framework/Versions/A/IMSharedUtilities
0x00000001cf015000 	/System/Library/Frameworks/InstantMessage.framework/Versions/A/InstantMessage
0x00000001c7a9c000 	/System/Library/PrivateFrameworks/IDSKVStore.framework/Versions/A/IDSKVStore
0x00000001c78dc000 	/System/Library/PrivateFrameworks/IMDPersistence.framework/Versions/A/IMDPersistence
0x0000000280f7b000 	/usr/lib/swift/libswiftAppleArchive.dylib
0x0000000275ddc000 	/System/Library/PrivateFrameworks/UserSafety.framework/Versions/A/UserSafety
0x00000001e6cfd000 	/System/Library/PrivateFrameworks/BlastDoor.framework/Versions/A/BlastDoor
0x00000001fedd1000 	/System/Library/Frameworks/SensitiveContentAnalysis.framework/Versions/A/SensitiveContentAnalysis
0x000000025a749000 	/System/Library/PrivateFrameworks/LinkPresentationStyleSheetParsing.framework/Versions/A/LinkPresentationStyleSheetParsing
0x00000001c12fb000 	/System/Library/PrivateFrameworks/CoreSDB.framework/Versions/A/CoreSDB
0x00000002430e1000 	/System/Library/PrivateFrameworks/AskToCore.framework/Versions/A/AskToCore
0x00000001c60e5000 	/System/Library/PrivateFrameworks/StoreFoundation.framework/Versions/A/StoreFoundation
0x00000001c4f50000 	/System/Library/PrivateFrameworks/ServerInformation.framework/Versions/A/ServerInformation
0x00000001c49c1000 	/System/Library/PrivateFrameworks/Install.framework/Frameworks/DistributionKit.framework/Versions/A/DistributionKit
0x00000001be5b8000 	/System/Library/PrivateFrameworks/PackageKit.framework/Versions/A/PackageKit
0x00000001c49e4000 	/System/Library/PrivateFrameworks/OSPersonalization.framework/Versions/A/OSPersonalization
0x00000001c6651000 	/System/Library/PrivateFrameworks/BridgeOSSoftwareUpdate.framework/Versions/A/BridgeOSSoftwareUpdate
0x00000001c1777000 	/System/Library/PrivateFrameworks/StorageManagement.framework/Versions/A/StorageManagement
0x00000001d4ff9000 	/usr/lib/libauthinstall.dylib
0x00000001c665a000 	/System/Library/PrivateFrameworks/InstallerDiagnostics.framework/Versions/A/InstallerDiagnostics
0x00000001d562c000 	/usr/lib/libcrypto.42.dylib
0x00000001c663f000 	/System/Library/PrivateFrameworks/GPUInfo.framework/Versions/A/GPUInfo
0x00000001d3dee000 	/System/Library/PrivateFrameworks/MobileActivationMacOS.framework/Versions/A/MobileActivationMacOS
0x00000001af8d7000 	/System/Library/PrivateFrameworks/GenerationalStorage.framework/Versions/A/GenerationalStorage
0x00000001aae37000 	/System/Library/PrivateFrameworks/CacheDelete.framework/Versions/A/CacheDelete
0x00000001b2d15000 	/System/Library/Frameworks/QuickLookThumbnailing.framework/Versions/A/QuickLookThumbnailing
0x00000001af709000 	/System/Library/Frameworks/FileProvider.framework/Versions/A/FileProvider
0x000000019deac000 	/System/Library/PrivateFrameworks/DesktopServicesPriv.framework/Versions/A/DesktopServicesPriv
0x00000001a016e000 	/System/Library/Frameworks/Accounts.framework/Versions/A/Accounts
0x00000001c669e000 	/System/Library/PrivateFrameworks/AOSKit.framework/Versions/A/AOSKit
0x00000001a829a000 	/System/Library/PrivateFrameworks/AppSSOCore.framework/Versions/A/AppSSOCore
0x00000001b23c2000 	/System/Library/PrivateFrameworks/AppSupport.framework/Versions/A/AppSupport
0x00000001c0781000 	/System/Library/Frameworks/AVFoundation.framework/Versions/A/AVFoundation
0x00000001b2c38000 	/System/Library/PrivateFrameworks/DuetActivityScheduler.framework/Versions/A/DuetActivityScheduler
0x00000001c12a2000 	/System/Library/PrivateFrameworks/FTServices.framework/Versions/A/FTServices
0x00000001d2415000 	/System/Library/PrivateFrameworks/NetworkServiceProxy.framework/Versions/A/NetworkServiceProxy
0x00000001b2bfe000 	/System/Library/PrivateFrameworks/StreamingZip.framework/Versions/A/StreamingZip
0x00000001b1cee000 	/System/Library/PrivateFrameworks/CoreWiFi.framework/Versions/A/CoreWiFi
0x00000001aad63000 	/System/Library/PrivateFrameworks/MobileAsset.framework/Versions/A/MobileAsset
0x00000001b08af000 	/System/Library/PrivateFrameworks/Rapport.framework/Versions/A/Rapport
0x0000000270b38000 	/System/Library/PrivateFrameworks/Symptoms.framework/Versions/A/Frameworks/SymptomAnalytics.framework/Versions/A/SymptomAnalytics
0x00000001ae44f000 	/usr/lib/libnetworkextension.dylib
0x0000000280861000 	/usr/lib/libmrc.dylib
0x0000000255b85000 	/System/Library/PrivateFrameworks/IPConfiguration.framework/Versions/A/IPConfiguration
0x00000001e160c000 	/System/Library/PrivateFrameworks/Netrb.framework/Versions/A/Netrb
0x00000001ec58c000 	/System/Library/PrivateFrameworks/WiFiPeerToPeer.framework/Versions/A/WiFiPeerToPeer
0x00000001c823c000 	/System/Library/PrivateFrameworks/SoftwareUpdateCoreSupport.framework/Versions/A/SoftwareUpdateCoreSupport
0x00000001cfbd7000 	/System/Library/PrivateFrameworks/SoftwareUpdateCoreConnect.framework/Versions/A/SoftwareUpdateCoreConnect
0x00000001b227a000 	/System/Library/PrivateFrameworks/RemoteServiceDiscovery.framework/Versions/A/RemoteServiceDiscovery
0x00000001c7ec2000 	/System/Library/PrivateFrameworks/MSUDataAccessor.framework/Versions/A/MSUDataAccessor
0x00000001c36b7000 	/usr/lib/libbootpolicy.dylib
0x00000001b2290000 	/System/Library/PrivateFrameworks/RemoteXPC.framework/Versions/A/RemoteXPC
0x00000001cf025000 	/usr/lib/libFDR.dylib
0x00000001d50cc000 	/usr/lib/libamsupport.dylib
0x000000027ffb4000 	/usr/lib/libReverseProxyDevice.dylib
0x0000000242107000 	/System/Library/PrivateFrameworks/AppleDeviceQuerySupport.framework/Versions/A/AppleDeviceQuerySupport
0x00000001d7fb9000 	/usr/lib/libpartition2_dynamic.dylib
0x00000001a6894000 	/System/Library/Frameworks/UserNotifications.framework/Versions/A/UserNotifications
0x00000001e78c1000 	/System/Library/Frameworks/CryptoKit.framework/Versions/A/CryptoKit
0x00000001b2bd6000 	/System/Library/PrivateFrameworks/CryptoKitCBridging.framework/Versions/A/CryptoKitCBridging
0x00000001b0425000 	/System/Library/Frameworks/CryptoTokenKit.framework/Versions/A/CryptoTokenKit
0x00000001dbb16000 	/usr/lib/swift/libswiftCryptoTokenKit.dylib
0x00000001b0489000 	/System/Library/Frameworks/LocalAuthentication.framework/Versions/A/LocalAuthentication
0x000000025a91e000 	/System/Library/PrivateFrameworks/LocalAuthenticationCore.framework/Versions/A/LocalAuthenticationCore
0x00000001b04de000 	/System/Library/Frameworks/LocalAuthentication.framework/Support/SharedUtils.framework/Versions/A/SharedUtils
0x00000001aaecf000 	/usr/lib/libTelephonyUtilDynamic.dylib
0x00000001af4b2000 	/System/Library/PrivateFrameworks/SymptomDiagnosticReporter.framework/Versions/A/SymptomDiagnosticReporter
0x000000024a502000 	/System/Library/PrivateFrameworks/CryptoKitPrivate.framework/Versions/A/CryptoKitPrivate
0x00000001a2282000 	/System/Library/PrivateFrameworks/ApplePushService.framework/Versions/A/ApplePushService
0x00000001c09ac000 	/System/Library/PrivateFrameworks/FindMyDevice.framework/Versions/A/FindMyDevice
0x00000001a01f3000 	/System/Library/PrivateFrameworks/CommonUtilities.framework/Versions/A/CommonUtilities
0x00000001d6a43000 	/System/Library/PrivateFrameworks/DeviceIdentity.framework/Versions/A/DeviceIdentity
0x00000001a89c4000 	/System/Library/PrivateFrameworks/Bom.framework/Versions/A/Bom
0x00000001aa993000 	/usr/lib/libParallelCompression.dylib
0x00000001aa985000 	/System/Library/PrivateFrameworks/MultiverseSupport.framework/Versions/A/MultiverseSupport
0x00000001b64bd000 	/System/Library/PrivateFrameworks/FMCoreLite.framework/Versions/A/FMCoreLite
0x00000001a65f0000 	/System/Library/PrivateFrameworks/AuthKit.framework/Versions/A/AuthKit
0x00000001af5e5000 	/System/Library/PrivateFrameworks/DiskManagement.framework/Versions/A/DiskManagement
0x00000001af4f1000 	/System/Library/PrivateFrameworks/AppleIDAuthSupport.framework/Versions/A/AppleIDAuthSupport
0x000000023ed63000 	/System/Library/PrivateFrameworks/AAAFoundation.framework/Versions/A/AAAFoundation
0x00000001aae83000 	/System/Library/PrivateFrameworks/KeychainCircle.framework/Versions/A/KeychainCircle
0x00000001bb0b0000 	/System/Library/PrivateFrameworks/URLFormatting.framework/Versions/A/URLFormatting
0x00000001b232e000 	/usr/lib/libcsfde.dylib
0x00000001a8424000 	/usr/lib/libCoreStorage.dylib
0x00000001ac242000 	/System/Library/PrivateFrameworks/ProtectedCloudStorage.framework/Versions/A/ProtectedCloudStorage
0x00000001b2329000 	/System/Library/PrivateFrameworks/EFILogin.framework/Versions/A/EFILogin
0x00000001ba358000 	/System/Library/PrivateFrameworks/CloudServices.framework/Versions/A/CloudServices
0x00000001af8fe000 	/System/Library/PrivateFrameworks/OctagonTrust.framework/Versions/A/OctagonTrust
0x00000001b0018000 	/System/Library/PrivateFrameworks/AVFCore.framework/Versions/A/AVFCore
0x00000001b8de2000 	/System/Library/PrivateFrameworks/AVFCapture.framework/Versions/A/AVFCapture
0x00000001a966c000 	/System/Library/Frameworks/MediaToolbox.framework/Versions/A/MediaToolbox
0x00000001af6da000 	/System/Library/PrivateFrameworks/CoreAVCHD.framework/Versions/A/CoreAVCHD
0x00000001af6d6000 	/System/Library/PrivateFrameworks/Mangrove.framework/Versions/A/Mangrove
0x0000000244cdd000 	/System/Library/PrivateFrameworks/CMPhoto.framework/Versions/A/CMPhoto
0x00000001afe35000 	/System/Library/Frameworks/CoreTelephony.framework/Versions/A/CoreTelephony
0x00000001af6c9000 	/System/Library/PrivateFrameworks/CoreAUC.framework/Versions/A/CoreAUC
0x0000000242549000 	/System/Library/PrivateFrameworks/AppleJPEGXL.framework/Versions/A/AppleJPEGXL
0x0000000244b09000 	/System/Library/PrivateFrameworks/CMImaging.framework/Versions/A/CMImaging
0x00000001b8ffa000 	/System/Library/PrivateFrameworks/Quagga.framework/Versions/A/Quagga
0x00000001b912d000 	/System/Library/PrivateFrameworks/CMCapture.framework/Versions/A/CMCapture
0x00000001aaa67000 	/System/Library/Frameworks/CoreMediaIO.framework/Versions/A/CoreMediaIO
0x00000001b2d61000 	/System/Library/PrivateFrameworks/Espresso.framework/Versions/A/Espresso
0x00000001f63be000 	/System/Library/PrivateFrameworks/ANECompiler.framework/Versions/A/ANECompiler
0x00000001b4d47000 	/System/Library/PrivateFrameworks/AppleNeuralEngine.framework/Versions/A/AppleNeuralEngine
0x00000001fc65d000 	/System/Library/Frameworks/MetalPerformanceShadersGraph.framework/Versions/A/MetalPerformanceShadersGraph
0x000000025b416000 	/System/Library/PrivateFrameworks/MLCompilerServices.framework/Versions/A/MLCompilerServices
0x00000001b3c1d000 	/System/Library/PrivateFrameworks/ANEServices.framework/Versions/A/ANEServices
0x00000001c6413000 	/usr/lib/libncurses.5.4.dylib
0x000000019c7f8000 	/usr/lib/libsandbox.1.dylib
0x00000001a841c000 	/usr/lib/libMatch.1.dylib
0x000000025b3ba000 	/System/Library/PrivateFrameworks/MLCompilerRuntime.framework/Versions/A/MLCompilerRuntime
0x0000000244a3f000 	/System/Library/PrivateFrameworks/CMCaptureDevice.framework/Versions/A/CMCaptureDevice
0x000000024582f000 	/System/Library/PrivateFrameworks/CinematicFraming.framework/Versions/A/CinematicFraming
0x00000001c03aa000 	/System/Library/Frameworks/CoreMotion.framework/Versions/A/CoreMotion
0x00000001cf0ce000 	/System/Library/PrivateFrameworks/TimeSync.framework/Versions/A/TimeSync
0x000000024afa1000 	/System/Library/PrivateFrameworks/DistributedSensing.framework/Versions/A/DistributedSensing
0x00000001caf9d000 	/System/Library/PrivateFrameworks/MobileBluetooth.framework/Versions/A/MobileBluetooth
0x00000001aa605000 	/System/Library/PrivateFrameworks/LocationSupport.framework/Versions/A/LocationSupport
0x00000001d0b90000 	/System/Library/PrivateFrameworks/IOKitten.framework/Versions/A/IOKitten
0x000000019e117000 	/System/Library/PrivateFrameworks/CoreDuet.framework/Versions/A/CoreDuet
0x00000001b1647000 	/System/Library/PrivateFrameworks/CoreDuetContext.framework/Versions/A/CoreDuetContext
0x00000001cbb4a000 	/System/Library/PrivateFrameworks/BiomeFoundation.framework/Versions/A/BiomeFoundation
0x000000024388e000 	/System/Library/PrivateFrameworks/BiomeLibrary.framework/Versions/A/BiomeLibrary
0x00000001cf14c000 	/System/Library/PrivateFrameworks/BiomeStreams.framework/Versions/A/BiomeStreams
0x00000001d5477000 	/System/Library/PrivateFrameworks/BiomePubSub.framework/Versions/A/BiomePubSub
0x00000001a22ea000 	/System/Library/Frameworks/CloudKit.framework/Versions/A/CloudKit
0x00000001b169d000 	/System/Library/Frameworks/Intents.framework/Versions/A/Intents
0x00000001b3dc5000 	/System/Library/PrivateFrameworks/CoreDuetDaemonProtocol.framework/Versions/A/CoreDuetDaemonProtocol
0x00000001b3c4b000 	/System/Library/PrivateFrameworks/ProactiveSupport.framework/Versions/A/ProactiveSupport
0x00000002650af000 	/System/Library/PrivateFrameworks/PoirotSchematizer.framework/Versions/A/PoirotSchematizer
0x0000000243f28000 	/System/Library/PrivateFrameworks/BiomeSync.framework/Versions/A/BiomeSync
0x000000024386f000 	/System/Library/PrivateFrameworks/BiomeFlexibleStorage.framework/Versions/A/BiomeFlexibleStorage
0x0000000243853000 	/System/Library/PrivateFrameworks/BiomeDSL.framework/Versions/A/BiomeDSL
0x00000001d54d4000 	/System/Library/PrivateFrameworks/BiomeStorage.framework/Versions/A/BiomeStorage
0x000000026511c000 	/System/Library/PrivateFrameworks/PoirotUDFs.framework/Versions/A/PoirotUDFs
0x000000026507e000 	/System/Library/PrivateFrameworks/PoirotSQLite.framework/Versions/A/PoirotSQLite
0x00000001b26ca000 	/System/Library/PrivateFrameworks/InternationalTextSearch.framework/Versions/A/InternationalTextSearch
0x0000000258f42000 	/System/Library/PrivateFrameworks/IntelligencePlatformLibrary.framework/Versions/A/IntelligencePlatformLibrary
0x00000002453f4000 	/System/Library/PrivateFrameworks/CascadeSets.framework/Versions/A/CascadeSets
0x00000001ab921000 	/System/Library/PrivateFrameworks/IDS.framework/Versions/A/IDS
0x00000001aa58b000 	/System/Library/PrivateFrameworks/IMFoundation.framework/Versions/A/IMFoundation
0x00000001ba687000 	/System/Library/PrivateFrameworks/Marco.framework/Versions/A/Marco
0x00000001abaee000 	/System/Library/PrivateFrameworks/IDSFoundation.framework/Versions/A/IDSFoundation
0x00000001b73a7000 	/System/Library/PrivateFrameworks/Engram.framework/Versions/A/Engram
0x00000001b7347000 	/usr/lib/libtidy.A.dylib
0x00000001cec35000 	/System/Library/PrivateFrameworks/FTAWD.framework/Versions/A/FTAWD
0x00000001fee91000 	/System/Library/Frameworks/SharedWithYouCore.framework/Versions/A/SharedWithYouCore
0x00000001b2795000 	/System/Library/PrivateFrameworks/AppleAccount.framework/Versions/A/AppleAccount
0x00000001b2cbb000 	/System/Library/PrivateFrameworks/C2.framework/Versions/A/C2
0x00000001a3adb000 	/System/Library/Frameworks/CoreLocation.framework/Versions/A/CoreLocation
0x0000000245bdd000 	/System/Library/PrivateFrameworks/CloudAssets.framework/Versions/A/CloudAssets
0x00000001b2cb2000 	/System/Library/Frameworks/PushKit.framework/Versions/A/PushKit
0x00000001dd5e9000 	/usr/lib/swift/libswiftAVFoundation.dylib
0x00000001c7883000 	/usr/lib/swift/libswiftCoreLocation.dylib
0x00000001c7899000 	/usr/lib/swift/libswiftCoreMIDI.dylib
0x00000001dbb18000 	/usr/lib/swift/libswiftCoreMedia.dylib
0x00000001abd82000 	/System/Library/PrivateFrameworks/Sharing.framework/Versions/A/Sharing
0x00000001b1ced000 	/System/Library/PrivateFrameworks/Apple80211.framework/Versions/A/Apple80211
0x00000001a5bab000 	/System/Library/Frameworks/CoreWLAN.framework/Versions/A/CoreWLAN
0x00000001b5db2000 	/System/Library/PrivateFrameworks/AssistantServices.framework/Versions/A/AssistantServices
0x00000001b06b2000 	/System/Library/PrivateFrameworks/SAObjects.framework/Versions/A/SAObjects
0x00000001b59ea000 	/System/Library/PrivateFrameworks/MediaRemote.framework/Versions/A/MediaRemote
0x00000001c6af5000 	/System/Library/PrivateFrameworks/SiriInstrumentation.framework/Versions/A/SiriInstrumentation
0x000000026894c000 	/System/Library/PrivateFrameworks/SiriAnalytics.framework/Versions/A/SiriAnalytics
0x000000026e502000 	/System/Library/PrivateFrameworks/SiriTTSService.framework/Versions/A/SiriTTSService
0x0000000269308000 	/System/Library/PrivateFrameworks/SiriCrossDeviceArbitration.framework/Versions/A/SiriCrossDeviceArbitration
0x00000001c478e000 	/System/Library/PrivateFrameworks/FeedbackLogger.framework/Versions/A/FeedbackLogger
0x000000026935c000 	/System/Library/PrivateFrameworks/SiriCrossDeviceArbitrationFeedback.framework/Versions/A/SiriCrossDeviceArbitrationFeedback
0x0000000252d43000 	/System/Library/PrivateFrameworks/GenerativeModels.framework/Versions/A/GenerativeModels
0x00000001ba4f3000 	/System/Library/PrivateFrameworks/MediaServices.framework/Versions/A/MediaServices
0x00000001a8687000 	/System/Library/PrivateFrameworks/PersistentConnection.framework/Versions/A/PersistentConnection
0x00000001ac51b000 	/System/Library/PrivateFrameworks/GeoServices.framework/Versions/A/GeoServices
0x0000000252f6b000 	/System/Library/PrivateFrameworks/GeoServicesCore.framework/Versions/A/GeoServicesCore
0x00000001bb0ae000 	/System/Library/PrivateFrameworks/PhoneNumbers.framework/Versions/A/PhoneNumbers
0x000000024aa0a000 	/System/Library/PrivateFrameworks/Dendrite.framework/Versions/A/Dendrite
0x0000000243207000 	/System/Library/PrivateFrameworks/AtomicsInternal.framework/Versions/A/AtomicsInternal
0x00000001c8693000 	/usr/lib/libtailspin.dylib
0x00000001db614000 	/System/Library/PrivateFrameworks/Osprey.framework/Versions/A/Osprey
0x000000026db81000 	/System/Library/PrivateFrameworks/SiriTTS.framework/Versions/A/SiriTTS
0x00000001c13bf000 	/System/Library/Frameworks/NaturalLanguage.framework/Versions/A/NaturalLanguage
0x000000026c8bb000 	/System/Library/PrivateFrameworks/SiriPowerInstrumentation.framework/Versions/A/SiriPowerInstrumentation
0x00000001c21e4000 	/System/Library/PrivateFrameworks/Trial.framework/Versions/A/Trial
0x00000001c2166000 	/System/Library/PrivateFrameworks/TrialProto.framework/Versions/A/TrialProto
0x0000000275652000 	/System/Library/PrivateFrameworks/UnifiedAssetFramework.framework/Versions/A/UnifiedAssetFramework
0x00000001ec510000 	/usr/lib/swift/libswiftNaturalLanguage.dylib
0x0000000271483000 	/System/Library/PrivateFrameworks/TailspinSymbolication.framework/Versions/A/TailspinSymbolication
0x000000024a719000 	/System/Library/PrivateFrameworks/Darwinup.framework/Versions/A/Darwinup
0x00000001d43ef000 	/System/Library/PrivateFrameworks/SignpostSupport.framework/Versions/A/SignpostSupport
0x00000001c1288000 	/System/Library/PrivateFrameworks/FeatureFlagsSupport.framework/Versions/A/FeatureFlagsSupport
0x00000001d3b52000 	/System/Library/PrivateFrameworks/ktrace.framework/Versions/A/ktrace
0x00000001d466f000 	/System/Library/PrivateFrameworks/SampleAnalysis.framework/Versions/A/SampleAnalysis
0x00000001dceaf000 	/System/Library/PrivateFrameworks/kperfdata.framework/Versions/A/kperfdata
0x00000001ac3fc000 	/usr/lib/libdscsym.dylib
0x00000001dd347000 	/System/Library/PrivateFrameworks/BulkSymbolication.framework/Versions/A/BulkSymbolication
0x00000001a2784000 	/System/Library/Frameworks/CoreML.framework/Versions/A/CoreML
0x00000001ea7ea000 	/usr/lib/libedit.3.dylib
0x00000001a61f1000 	/System/Library/Frameworks/MLCompute.framework/Versions/A/MLCompute
0x000000025b269000 	/System/Library/PrivateFrameworks/MLAssetIO.framework/Versions/A/MLAssetIO
0x0000000280fbd000 	/usr/lib/swift/libswiftMLCompute.dylib
0x000000019acc9000 	/System/Library/PrivateFrameworks/LanguageModeling.framework/Versions/A/LanguageModeling
0x000000019f835000 	/System/Library/PrivateFrameworks/Montreal.framework/Versions/A/Montreal
0x00000001a6b1f000 	/usr/lib/libcmph.dylib
0x0000000252e05000 	/System/Library/PrivateFrameworks/GenerativeModelsFoundation.framework/Versions/A/GenerativeModelsFoundation
0x0000000273a19000 	/System/Library/PrivateFrameworks/TokenGeneration.framework/Versions/A/TokenGeneration
0x0000000252bdc000 	/System/Library/PrivateFrameworks/GenerativeFunctions.framework/Versions/A/GenerativeFunctions
0x0000000252c2d000 	/System/Library/PrivateFrameworks/GenerativeFunctionsFoundation.framework/Versions/A/GenerativeFunctionsFoundation
0x000000025e1bd000 	/System/Library/PrivateFrameworks/ModelCatalog.framework/Versions/A/ModelCatalog
0x0000000268249000 	/System/Library/PrivateFrameworks/SensitiveContentAnalysisML.framework/Versions/A/SensitiveContentAnalysisML
0x0000000252cdc000 	/System/Library/PrivateFrameworks/GenerativeFunctionsInstrumentation.framework/Versions/A/GenerativeFunctionsInstrumentation
0x0000000266141000 	/System/Library/PrivateFrameworks/PromptKit.framework/Versions/A/PromptKit
0x0000000265c6b000 	/System/Library/PrivateFrameworks/ProactiveDaemonSupport.framework/Versions/A/ProactiveDaemonSupport
0x0000000273bd1000 	/System/Library/PrivateFrameworks/TokenGenerationCore.framework/Versions/A/TokenGenerationCore
0x0000000276cc9000 	/System/Library/PrivateFrameworks/VectorSearch.framework/Versions/A/VectorSearch
0x000000025e482000 	/System/Library/PrivateFrameworks/ModelManagerServices.framework/Versions/A/ModelManagerServices
0x0000000242169000 	/System/Library/PrivateFrameworks/AppleFlatBuffers.framework/Versions/A/AppleFlatBuffers
0x00000001baa9d000 	/System/Library/PrivateFrameworks/ProactiveEventTracker.framework/Versions/A/ProactiveEventTracker
0x000000023ed7f000 	/System/Library/PrivateFrameworks/AAAFoundationSwift.framework/Versions/A/AAAFoundationSwift
0x00000001b29ea000 	/System/Library/PrivateFrameworks/AppleIDSSOAuthentication.framework/Versions/A/AppleIDSSOAuthentication
0x00000001ce3c0000 	/usr/lib/swift/libswiftCompression.dylib
0x00000002683d4000 	/System/Library/PrivateFrameworks/SentencePieceInternal.framework/Versions/A/SentencePieceInternal
0x00000001ae87d000 	/System/Library/Frameworks/Vision.framework/Versions/A/Vision
0x000000024a16d000 	/System/Library/PrivateFrameworks/CoreSceneUnderstanding.framework/Versions/A/CoreSceneUnderstanding
0x0000000277854000 	/System/Library/PrivateFrameworks/VisionCore.framework/Versions/A/VisionCore
0x00000001c9f94000 	/System/Library/Frameworks/Vision.framework/libfaceCore.dylib
0x00000001caa8e000 	/System/Library/PrivateFrameworks/Futhark.framework/Versions/A/Futhark
0x00000001ce188000 	/System/Library/PrivateFrameworks/InertiaCam.framework/Versions/A/InertiaCam
0x00000001ca841000 	/System/Library/PrivateFrameworks/TextRecognition.framework/Versions/A/TextRecognition
0x00000001a82ba000 	/System/Library/PrivateFrameworks/CVNLP.framework/Versions/A/CVNLP
0x000000025195e000 	/System/Library/PrivateFrameworks/GRDBInternal.framework/Versions/A/GRDBInternal
0x00000001b4ab5000 	/System/Library/PrivateFrameworks/RTCReporting.framework/Versions/A/RTCReporting
0x00000001b2ca1000 	/System/Library/PrivateFrameworks/IntentsFoundation.framework/Versions/A/IntentsFoundation
0x00000001ab6aa000 	/System/Library/Frameworks/NetworkExtension.framework/Versions/A/NetworkExtension
0x00000001c5f94000 	/System/Library/PrivateFrameworks/CaptiveNetwork.framework/Versions/A/CaptiveNetwork
0x00000001b223a000 	/System/Library/PrivateFrameworks/EAP8021X.framework/Versions/A/EAP8021X
0x00000001c7868000 	/System/Library/Frameworks/Accelerate.framework/Versions/A/Frameworks/vImage.framework/Versions/A/Libraries/libCGInterfaces.dylib
0x00000001d463b000 	/System/Library/PrivateFrameworks/UIKitServices.framework/Versions/A/UIKitServices
0x000000016a800000 	/System/Library/Extensions/AGXMetalG16G_B0.bundle/Contents/MacOS/AGXMetalG16G_B0
0x00000001ba3a5000 	/System/Library/PrivateFrameworks/IOGPU.framework/Versions/A/IOGPU
0x00000001f8f3c000 	/System/Library/Frameworks/OpenGL.framework/Versions/A/Resources/GLEngine.bundle/GLEngine
0x00000001f8de1000 	/System/Library/Frameworks/OpenGL.framework/Versions/A/Libraries/libGLProgrammability.dylib
0x000000012f338000 	/System/Library/Extensions/AppleMetalOpenGLRenderer.bundle/Contents/MacOS/AppleMetalOpenGLRenderer
0x00000001f909d000 	/System/Library/Frameworks/OpenGL.framework/Versions/A/Resources/GLRendererFloat.bundle/GLRendererFloat
0x0000000177f78000 	/Users/celestingrillot/Documents/curseforge/minecraft/Install/natives/neoforge-21.1.228/liblwjgl_stb.dylib
0x0000000271a3e000 	/System/Library/PrivateFrameworks/TextInputUI.framework/Versions/A/TextInputUI
0x0000000271a62000 	/System/Library/PrivateFrameworks/TextInputUIMacHelper.framework/Versions/A/TextInputUIMacHelper
0x0000000267868000 	/System/Library/PrivateFrameworks/Sage.framework/Versions/A/Sage
0x0000000322268000 	/Users/celestingrillot/Documents/curseforge/minecraft/Install/natives/neoforge-21.1.228/liblwjgl_opengl.dylib
0x0000000328fa4000 	/Users/celestingrillot/Documents/curseforge/minecraft/Install/natives/neoforge-21.1.228/jna152540606948141241.tmp
0x0000000328f80000 	/private/var/folders/c5/cv0zzqrs117bj4d7qq6pzjp40000gn/T/libjcocoa13598136806078049020.dylib
0x0000000328fe0000 	/Users/celestingrillot/Documents/curseforge/minecraft/Install/java/java-runtime-delta/Contents/Home/lib/libextnet.dylib
0x00000001cab7f000 	/System/Library/CoreServices/RawCamera.bundle/Contents/MacOS/RawCamera
0x0000000336d24000 	/Users/celestingrillot/Documents/curseforge/minecraft/Install/java/java-runtime-delta/Contents/Home/lib/libawt.dylib
0x000000033b218000 	/Users/celestingrillot/Documents/curseforge/minecraft/Install/java/java-runtime-delta/Contents/Home/lib/libmlib_image.dylib
0x00000001fb8b1000 	/System/Library/Frameworks/JavaRuntimeSupport.framework/Versions/A/JavaRuntimeSupport
0x0000000343930000 	/Users/celestingrillot/Documents/curseforge/minecraft/Install/java/java-runtime-delta/Contents/Home/lib/libawt_lwawt.dylib
0x000000032c0bc000 	/Users/celestingrillot/Documents/curseforge/minecraft/Install/java/java-runtime-delta/Contents/Home/lib/libosxapp.dylib
0x00000001bebc0000 	/System/Library/Frameworks/ExceptionHandling.framework/Versions/A/ExceptionHandling
0x0000000348818000 	/Users/celestingrillot/Documents/curseforge/minecraft/Install/natives/neoforge-21.1.228/libopenal.dylib
0x00000001cf76d000 	/System/Library/PrivateFrameworks/TextToSpeech.framework/Versions/A/TextToSpeech
0x00000001d4b37000 	/System/Library/PrivateFrameworks/AXAssetLoader.framework/Versions/A/AXAssetLoader
0x00000001d55ec000 	/System/Library/PrivateFrameworks/UniversalAccess.framework/Versions/A/Frameworks/UniversalAccessCore.framework/Versions/A/UniversalAccessCore
0x0000000275859000 	/System/Library/PrivateFrameworks/UniversalControl.framework/Versions/A/UniversalControl
0x00000001b2bdc000 	/usr/lib/libScreenReader.dylib
0x00000001d3b42000 	/System/Library/PrivateFrameworks/AccessibilitySupport.framework/Versions/A/AccessibilitySupport
0x00000001c0c03000 	/System/Library/PrivateFrameworks/AccessibilitySharedSupport.framework/Versions/A/AccessibilitySharedSupport
0x00000001dd31f000 	/System/Library/PrivateFrameworks/AccessibilitySupport.framework/Versions/A/Frameworks/AccessibilityEvents.framework/Versions/A/AccessibilityEvents
0x00000001d47c5000 	/System/Library/PrivateFrameworks/AccessibilitySupport.framework/Versions/A/Frameworks/AccessibilityFoundation.framework/Versions/A/AccessibilityFoundation
0x00000001dd25a000 	/System/Library/PrivateFrameworks/AccessibilitySupport.framework/Versions/A/Frameworks/AccessibilityKit.framework/Versions/A/AccessibilityKit
0x00000001dd2ba000 	/System/Library/PrivateFrameworks/AccessibilitySupport.framework/Versions/A/Frameworks/AccessibilityVisuals.framework/Versions/A/AccessibilityVisuals
0x00000001b067d000 	/System/Library/PrivateFrameworks/BatteryUIKit.framework/Versions/A/BatteryUIKit
0x00000002405e6000 	/System/Library/PrivateFrameworks/AccessibilityUtilities.framework/Versions/A/AccessibilityUtilities
0x00000001e0fd7000 	/System/Library/PrivateFrameworks/AXRuntime.framework/Versions/A/AXRuntime
0x000000035941c000 	/Users/celestingrillot/Documents/curseforge/minecraft/Install/natives/neoforge-21.1.228/libfreetype.dylib
0x0000000370af4000 	/System/Library/Components/CoreAudio.component/Contents/MacOS/CoreAudio
0x0000000321300000 	/Users/celestingrillot/Documents/curseforge/minecraft/Instances/tests/config/spark/tmp-client/spark-4d28832c611d-libasyncProfiler.so.tmp
0x0000000172cb8000 	/Users/celestingrillot/Documents/curseforge/minecraft/Install/java/java-runtime-delta/Contents/Home/lib/libsyslookup.dylib

JVMTI agents: none


VM Arguments:
jvm_args: -Xss1M -Djava.library.path=/Users/celestingrillot/Documents/curseforge/minecraft/Install/natives/neoforge-21.1.228 -Djna.tmpdir=/Users/celestingrillot/Documents/curseforge/minecraft/Install/natives/neoforge-21.1.228 -Dorg.lwjgl.system.SharedLibraryExtractPath=/Users/celestingrillot/Documents/curseforge/minecraft/Install/natives/neoforge-21.1.228 -Dio.netty.native.workdir=/Users/celestingrillot/Documents/curseforge/minecraft/Install/natives/neoforge-21.1.228 -Dminecraft.launcher.brand=CurseForge -Dminecraft.launcher.version=1.302.0.32857 -Djava.net.preferIPv6Addresses=system -DignoreList=client-extra,neoforge-21.1.228.jar -DlibraryDirectory=/Users/celestingrillot/Documents/curseforge/minecraft/Install/libraries --module-path=/Users/celestingrillot/Documents/curseforge/minecraft/Install/libraries/cpw/mods/bootstraplauncher/2.0.2/bootstraplauncher-2.0.2.jar:/Users/celestingrillot/Documents/curseforge/minecraft/Install/libraries/cpw/mods/securejarhandler/3.0.8/securejarhandler-3.0.8.jar:/Users/celestingrillot/Documents/curseforge/minecraft/Install/libraries/org/ow2/asm/asm-commons/9.8/asm-commons-9.8.jar:/Users/celestingrillot/Documents/curseforge/minecraft/Install/libraries/org/ow2/asm/asm-util/9.8/asm-util-9.8.jar:/Users/celestingrillot/Documents/curseforge/minecraft/Install/libraries/org/ow2/asm/asm-analysis/9.8/asm-analysis-9.8.jar:/Users/celestingrillot/Documents/curseforge/minecraft/Install/libraries/org/ow2/asm/asm-tree/9.8/asm-tree-9.8.jar:/Users/celestingrillot/Documents/curseforge/minecraft/Install/libraries/org/ow2/asm/asm/9.8/asm-9.8.jar:/Users/celestingrillot/Documents/curseforge/minecraft/Install/libraries/net/neoforged/JarJarFileSystems/0.4.1/JarJarFileSystems-0.4.1.jar --add-modules=ALL-MODULE-PATH --add-opens=java.base/java.util.jar=cpw.mods.securejarhandler --add-opens=java.base/java.lang.invoke=cpw.mods.securejarhandler --add-exports=java.base/sun.security.util=cpw.mods.securejarhandler --add-exports=jdk.naming.dns/com.sun.jndi.dns=java.naming -Xmx8192m -Xms256m -Dfml.ignorePatchDiscrepancies=true -Dfml.ignoreInvalidMinecraftCertificates=true -DlibraryDirectory=/Users/celestingrillot/Documents/curseforge/minecraft/Install/libraries -Duser.language=en -DCFInstanceId=e1fa1aa4-759a-4105-89bf-75b9bd43d0ae -Dlog4j.configurationFile=/Users/celestingrillot/Documents/curseforge/minecraft/Install/assets/log_configs/client-1.12.xml 
java_command: cpw.mods.bootstraplauncher.BootstrapLauncher --username GoldenRatQG --version neoforge-21.1.228 --gameDir /Users/celestingrillot/Documents/curseforge/minecraft/Instances/tests/ --assetsDir /Users/celestingrillot/Documents/curseforge/minecraft/Install/assets --assetIndex 17 --uuid 3c7f49ee55ab4c01b1d7fb5ee0cf58b3 --accessToken eyJraWQiOiIwNDkxODEiLCJhbGciOiJSUzI1NiJ9.eyJ4dWlkIjoiMjUzNTQ1NzY1OTUzMjYzNyIsImFnZyI6IkFkdWx0Iiwic3ViIjoiNjkxZTcxZjItOWI1My00MmYxLTk0YmEtZTg3YzQxYTBmZDg3IiwiYXV0aCI6IlhCT1giLCJucyI6ImRlZmF1bHQiLCJyb2xlcyI6W10sImlzcyI6ImF1dGhlbnRpY2F0aW9uIiwiZmxhZ3MiOlsibXVsdGlwbGF5ZXIiXSwicHJvZmlsZXMiOnsibWMiOiIzYzdmNDllZS01NWFiLTRjMDEtYjFkNy1mYjVlZTBjZjU4YjMifSwicG1pZCI6IjkxNGY2NDI2LWEwMDYtNWE0ZC05NDZlLTZiMmVkYmZkOTg5OSIsInBsYXRmb3JtIjoiUENfTEFVTkNIRVIiLCJ0aWQiOiJFOTlCMCIsInBmZCI6W3sidHlwZSI6Im1jIiwiaWQiOiIzYzdmNDllZS01NWFiLTRjMDEtYjFkNy1mYjVlZTBjZjU4YjMiLCJuYW1lIjoiR29sZGVuUmF0UUcifV0sInhpZCI6IjI1MzU0NTc2NTk1MzI2MzciLCJuYmYiOjE3NzczMzc0MzYsImV4cCI6MTc3NzQyMzgzNiwiaWF0IjoxNzc3MzM3NDM2LCJhaWQiOiJkNWIyZTA3OS0yYzJjLTRhZGUtOWRhYi0xYzFlYjIwNDE2MmEifQ.Y-OEYzzd5JeO9UrDhMYpCnGBMYRj-dKF9wFW-hTqd48II5DOYGQpcBcuuOPMn0pBm7KNTe1kZjviK0056hWDDKSQDBRPky7rAvwd4mlUVQxdADXwKVKU7M9TM5DkrUwRv0WkafjvWXDmWyrMxqayuuWBEI7b2lKmIQ1wlJfc2_1gF84R_c477GaCs3gbA1OVmY3s0LYEVbxB-jOil-qleCtbUFpTDEbvesCIOdDh0OzpTrBgcPcXg-3ZjDbcWGj2S9xQltx1vwT9jeIux2sS7fJZIE3nu_M3kSrUKLpx1aBAv64LL1gDB7I5BIDKfew9rlVDJeFTENer7KiG-GaCuw --clientId f927a8-df0571-2cbece-947fd8-348c8d --xuid 2535457659532637 --userType msa --versionType release --width 1024 --height 768 --quickPlayPath /Users/celestingrillot/Documents/curseforge/minecraft/Quickplay/e1fa1aa4-759a-4105-89bf-75b9bd43d0ae.json    --fml.neoForgeVersion 21.1.228 --fml.fmlVersion 4.0.42 --fml.mcVersion 1.21.1 --fml.neoFormVersion 20240808.144430 --launchTarget forgeclient
java_class_path (initial): /Users/celestingrillot/Documents/curseforge/minecraft/Install/libraries/net/neoforged/fancymodloader/earlydisplay/4.0.42/earlydisplay-4.0.42.jar:/Users/celestingrillot/Documents/curseforge/minecraft/Install/libraries/net/neoforged/fancymodloader/loader/4.0.42/loader-4.0.42.jar:/Users/celestingrillot/Documents/curseforge/minecraft/Install/libraries/net/neoforged/accesstransformers/at-modlauncher/10.0.1/at-modlauncher-10.0.1.jar:/Users/celestingrillot/Documents/curseforge/minecraft/Install/libraries/net/neoforged/accesstransformers/10.0.1/accesstransformers-10.0.1.jar:/Users/celestingrillot/Documents/curseforge/minecraft/Install/libraries/net/neoforged/bus/8.0.5/bus-8.0.5.jar:/Users/celestingrillot/Documents/curseforge/minecraft/Install/libraries/net/neoforged/coremods/7.0.3/coremods-7.0.3.jar:/Users/celestingrillot/Documents/curseforge/minecraft/Install/libraries/cpw/mods/modlauncher/11.0.5/modlauncher-11.0.5.jar:/Users/celestingrillot/Documents/curseforge/minecraft/Install/libraries/net/neoforged/mergetool/2.0.0/mergetool-2.0.0-api.jar:/Users/celestingrillot/Documents/curseforge/minecraft/Install/libraries/com/electronwill/night-config/toml/3.8.3/toml-3.8.3.jar:/Users/celestingrillot/Documents/curseforge/minecraft/Install/libraries/com/electronwill/night-config/core/3.8.3/core-3.8.3.jar:/Users/celestingrillot/Documents/curseforge/minecraft/Install/libraries/net/neoforged/JarJarSelector/0.4.1/JarJarSelector-0.4.1.jar:/Users/celestingrillot/Documents/curseforge/minecraft/Install/libraries/net/neoforged/JarJarMetadata/0.4.1/JarJarMetadata-0.4.1.jar:/Users/celestingrillot/Documents/curseforge/minecraft/Install/libraries/org/apache/maven/maven-artifact/3.8.5/maven-artifact-3.8.5.jar:/Users/celestingrillot/Documents/curseforge/minecraft/Install/libraries/net/jodah/typetools/0.6.3/typetools-0.6.3.jar:/Users/celestingrillot/Documents/curseforge/minecraft/Install/libraries/net/minecrell/terminalconsoleappender/1.3.0/terminalconsoleappender-1.3.0.jar:/Users/celestingrillot/Documents/curseforge/minecraft/Install/libraries/net/fabricmc/sponge-mixin/0.15.2+mixin.0.8.7/sponge-mixin-0.15.2+mixin.0.8.7.jar:/Users/celestingrillot/Documents/curseforge/minecraft/Install/libraries/org/openjdk/nashorn/nashorn-core/15.4/nashorn-core-15.4.jar:/Users/celestingrillot/Documents/curseforge/minecraft/Install/libraries/org/apache/commons/commons-lang3/3.14.0/commons-lang3-3.14.0.jar:/Users/celestingrillot/Documents/curseforge/minecraft/Install/libraries/cpw/mods/bootstraplauncher/2.0.2/bootstraplauncher-2.0.2.jar:/Users/celestingrillot/Documents/curseforge/minecraft/Install/libraries/cpw/mods/securejarhandler/3.0.8/securejarhandler-3.0.8.jar:/Users/celestingrillot/Documents/curseforge/minecraft/Install/libraries/org/ow2/asm/asm-commons/9.8/asm-commons-9.8.jar:/Users/celestingrillot/Documents/curseforge/minecraft/Install/libraries/org/ow2/asm/asm-util/9.8/asm-util-9.8.jar:/Users/celestingrillot/Documents/curseforge/minecraft/Install/libraries/org/ow2/asm/asm-analysis/9.8/asm-analysis-9.8.jar:/Users/celestingrillot/Documents/curseforge/minecraft/Install/libraries/org/ow2/asm/asm-tree/9.8/asm-tree-9.8.jar:/Users/celestingrillot/Documents/curseforge/minecraft/Install/libraries/org/ow2/asm/asm/9.8/asm-9.8.jar:/Users/celestingrillot/Documents/curseforge/minecraft/Install/libraries/net/neoforged/JarJarFileSystems/0.4.1/JarJarFileSystems-0.4.1.jar:/Users/celestingrillot/Documents/curseforge/minecraft/Install/libraries/net/sf/jopt-simple/jopt-simple/5.0.4/jopt-simple-5.0.4.jar:/Users/celestingrillot/Documents/curseforge/minecraft/Install/libraries/org/slf4j/slf4j-api/2.0.9/slf4j-api-2.0.9.jar:/Users/celestingrillot/Documents/curseforge/minecraft/Install/libraries/org/antlr/antlr4-runtime/4.13.1/antlr4-runtime-4.13.1.jar:/Users/celestingrillot/Documents/curseforge/minecraft/Install/libraries/com/mojang/logging/1.2.7/logging-1.2.7.jar:/Users/celestingrillot/Documents/curseforge/minecraft/Install/libraries/org/apache/logging/log4j/log4j-slf4j2-impl/2.22.1/log4j-slf4j2-impl-2.22.1.jar:/Users/celestingrillot/Documents/curseforge/minecraft/Install/libraries/org/apache/logging/log4j/log4j-core/2.22.1/log4j-core-2.22.1.jar:/Users/celestingrillot/Documents/curseforge/minecraft/Install/libraries/org/apache/logging/log4j/log4j-api/2.22.1/log4j-api-2.22.1.jar:/Users/celestingrillot/Documents/curseforge/minecraft/Install/libraries/org/jline/jline-reader/3.20.0/jline-reader-3.20.0.jar:/Users/celestingrillot/Documents/curseforge/minecraft/Install/libraries/org/jline/jline-terminal/3.20.0/jline-terminal-3.20.0.jar:/Users/celestingrillot/Documents/curseforge/minecraft/Install/libraries/commons-io/commons-io/2.15.1/commons-io-2.15.1.jar:/Users/celestingrillot/Documents/curseforge/minecraft/Install/libraries/net/minecraftforge/srgutils/0.4.15/srgutils-0.4.15.jar:/Users/celestingrillot/Documents/curseforge/minecraft/Install/libraries/com/google/guava/guava/32.1.2-jre/guava-32.1.2-jre.jar:/Users/celestingrillot/Documents/curseforge/minecraft/Install/libraries/com/google/guava/failureaccess/1.0.1/failureaccess-1.0.1.jar:/Users/celestingrillot/Documents/curseforge/minecraft/Install/libraries/com/google/guava/listenablefuture/9999.0-empty-to-avoid-conflict-with-guava/listenablefuture-9999.0-empty-to-avoid-conflict-with-guava.jar:/Users/celestingrillot/Documents/curseforge/minecraft/Install/libraries/com/google/code/findbugs/jsr305/3.0.2/jsr305-3.0.2.jar:/Users/celestingrillot/Documents/curseforge/minecraft/Install/libraries/org/checkerframework/checker-qual/3.33.0/checker-qual-3.33.0.jar:/Users/celestingrillot/Documents/curseforge/minecraft/Install/libraries/com/google/errorprone/error_prone_annotations/2.18.0/error_prone_annotations-2.18.0.jar:/Users/celestingrillot/Documents/curseforge/minecraft/Install/libraries/com/google/j2objc/j2objc-annotations/2.8/j2objc-annotations-2.8.jar:/Users/celestingrillot/Documents/curseforge/minecraft/Install/libraries/com/google/code/gson/gson/2.10.1/gson-2.10.1.jar:/Users/celestingrillot/Documents/curseforge/minecraft/Install/libraries/org/codehaus/plexus/plexus-utils/3.3.0/plexus-utils-3.3.0.jar:/Users/celestingrillot/Documents/curseforge/minecraft/Install/libraries/com/machinezoo/noexception/noexception/1.7.1/noexception-1.7.1.jar:/Users/celestingrillot/Documents/curseforge/minecraft/Install/libraries/ca/weblite/java-objc-bridge/1.1/java-objc-bridge-1.1.jar:/Users/celestingrillot/Documents/curseforge/minecraft/Install/libraries/com/github/oshi/oshi-core/6.4.10/oshi-core-6.4.10.jar:/Users/celestingrillot/Documents/curseforge/minecraft/Install/libraries/com/ibm/icu/icu4j/73.2/icu4j-73.2.jar:/Users/celestingrillot/Documents/curseforge/minecraft/Install/libraries/com/mojang/authlib/6.0.54/authlib-6.0.54.jar:/Users/celestingrillot/Documents/curseforge/minecraft/Install/libraries/com/mojang/blocklist/1.0.10/blocklist-1.0.10.jar:/Users/celestingrillot/Documents/curseforge/minecraft/Install/libraries/com/mojang/brigadier/1.3.10/brigadier-1.3.10.jar:/Users/celestingrillot/Documents/curseforge/minecraft/Install/libraries/com/mojang/datafixerupper/8.0.16/datafixerupper-8.0.16.jar:/Users/celestingrillot/Documents/curseforge/minecraft/Install/libraries/com/mojang/patchy/2.2.10/patchy-2.2.10.jar:/Users/celestingrillot/Documents/curseforge/minecraft/Install/libraries/com/mojang/text2speech/1.17.9/text2speech-1.17.9.jar:/Users/celestingrillot/Documents/curseforge/minecraft/Install/libraries/commons-codec/commons-codec/1.16.0/commons-codec-1.16.0.jar:/Users/celestingrillot/Documents/curseforge/minecraft/Install/libraries/commons-logging/commons-logging/1.2/commons-logging-1.2.jar:/Users/celestingrillot/Documents/curseforge/minecraft/Install/libraries/io/netty/netty-buffer/4.1.97.Final/netty-buffer-4.1.97.Final.jar:/Users/celestingrillot/Documents/curseforge/minecraft/Install/libraries/io/netty/netty-codec/4.1.97.Final/netty-codec-4.1.97.Final.jar:/Users/celestingrillot/Documents/curseforge/minecraft/Install/libraries/io/netty/netty-common/4.1.97.Final/netty-common-4.1.97.Final.jar:/Users/celestingrillot/Documents/curseforge/minecraft/Install/libraries/io/netty/netty-handler/4.1.97.Final/netty-handler-4.1.97.Final.jar:/Users/celestingrillot/Documents/curseforge/minecraft/Install/libraries/io/netty/netty-resolver/4.1.97.Final/netty-resolver-4.1.97.Final.jar:/Users/celestingrillot/Documents/curseforge/minecraft/Install/libraries/io/netty/netty-transport-classes-epoll/4.1.97.Final/netty-transport-classes-epoll-4.1.97.Final.jar:/Users/celestingrillot/Documents/curseforge/minecraft/Install/libraries/io/netty/netty-transport-native-unix-common/4.1.97.Final/netty-transport-native-unix-common-4.1.97.Final.jar:/Users/celestingrillot/Documents/curseforge/minecraft/Install/libraries/io/netty/netty-transport/4.1.97.Final/netty-transport-4.1.97.Final.jar:/Users/celestingrillot/Documents/curseforge/minecraft/Install/libraries/it/unimi/dsi/fastutil/8.5.12/fastutil-8.5.12.jar:/Users/celestingrillot/Documents/curseforge/minecraft/Install/libraries/net/java/dev/jna/jna-platform/5.14.0/jna-platform-5.14.0.jar:/Users/celestingrillot/Documents/curseforge/minecraft/Install/libraries/net/java/dev/jna/jna/5.14.0/jna-5.14.0.jar:/Users/celestingrillot/Documents/curseforge/minecraft/Install/libraries/org/apache/commons/commons-compress/1.26.0/commons-compress-1.26.0.jar:/Users/celestingrillot/Documents/curseforge/minecraft/Install/libraries/org/apache/httpcomponents/httpclient/4.5.13/httpclient-4.5.13.jar:/Users/celestingrillot/Documents/curseforge/minecraft/Install/libraries/org/apache/httpcomponents/httpcore/4.4.16/httpcore-4.4.16.jar:/Users/celestingrillot/Documents/curseforge/minecraft/Install/libraries/org/jcraft/jorbis/0.0.17/jorbis-0.0.17.jar:/Users/celestingrillot/Documents/curseforge/minecraft/Install/libraries/org/joml/joml/1.10.5/joml-1.10.5.jar:/Users/celestingrillot/Documents/curseforge/minecraft/Install/libraries/org/lwjgl/lwjgl-freetype/3.3.3/lwjgl-freetype-3.3.3.jar:/Users/celestingrillot/Documents/curseforge/minecraft/Install/libraries/org/lwjgl/lwjgl-freetype/3.3.3/lwjgl-freetype-3.3.3-natives-macos-arm64.jar:/Users/celestingrillot/Documents/curseforge/minecraft/Install/libraries/org/lwjgl/lwjgl-freetype/3.3.3/lwjgl-freetype-3.3.3-natives-macos-patch.jar:/Users/celestingrillot/Documents/curseforge/minecraft/Install/libraries/org/lwjgl/lwjgl-glfw/3.3.3/lwjgl-glfw-3.3.3.jar:/Users/celestingrillot/Documents/curseforge/minecraft/Install/libraries/org/lwjgl/lwjgl-glfw/3.3.3/lwjgl-glfw-3.3.3-natives-macos.jar:/Users/celestingrillot/Documents/curseforge/minecraft/Install/libraries/org/lwjgl/lwjgl-glfw/3.3.3/lwjgl-glfw-3.3.3-natives-macos-arm64.jar:/Users/celestingrillot/Documents/curseforge/minecraft/Install/libraries/org/lwjgl/lwjgl-jemalloc/3.3.3/lwjgl-jemalloc-3.3.3.jar:/Users/celestingrillot/Documents/curseforge/minecraft/Install/libraries/org/lwjgl/lwjgl-jemalloc/3.3.3/lwjgl-jemalloc-3.3.3-natives-macos.jar:/Users/celestingrillot/Documents/curseforge/minecraft/Install/libraries/org/lwjgl/lwjgl-jemalloc/3.3.3/lwjgl-jemalloc-3.3.3-natives-macos-arm64.jar:/Users/celestingrillot/Documents/curseforge/minecraft/Install/libraries/org/lwjgl/lwjgl-openal/3.3.3/lwjgl-openal-3.3.3.jar:/Users/celestingrillot/Documents/curseforge/minecraft/Install/libraries/org/lwjgl/lwjgl-openal/3.3.3/lwjgl-openal-3.3.3-natives-macos.jar:/Users/celestingrillot/Documents/curseforge/minecraft/Install/libraries/org/lwjgl/lwjgl-openal/3.3.3/lwjgl-openal-3.3.3-natives-macos-arm64.jar:/Users/celestingrillot/Documents/curseforge/minecraft/Install/libraries/org/lwjgl/lwjgl-opengl/3.3.3/lwjgl-opengl-3.3.3.jar:/Users/celestingrillot/Documents/curseforge/minecraft/Install/libraries/org/lwjgl/lwjgl-opengl/3.3.3/lwjgl-opengl-3.3.3-natives-macos.jar:/Users/celestingrillot/Documents/curseforge/minecraft/Install/libraries/org/lwjgl/lwjgl-opengl/3.3.3/lwjgl-opengl-3.3.3-natives-macos-arm64.jar:/Users/celestingrillot/Documents/curseforge/minecraft/Install/libraries/org/lwjgl/lwjgl-stb/3.3.3/lwjgl-stb-3.3.3.jar:/Users/celestingrillot/Documents/curseforge/minecraft/Install/libraries/org/lwjgl/lwjgl-stb/3.3.3/lwjgl-stb-3.3.3-natives-macos.jar:/Users/celestingrillot/Documents/curseforge/minecraft/Install/libraries/org/lwjgl/lwjgl-stb/3.3.3/lwjgl-stb-3.3.3-natives-macos-arm64.jar:/Users/celestingrillot/Documents/curseforge/minecraft/Install/libraries/org/lwjgl/lwjgl-tinyfd/3.3.3/lwjgl-tinyfd-3.3.3.jar:/Users/celestingrillot/Documents/curseforge/minecraft/Install/libraries/org/lwjgl/lwjgl-tinyfd/3.3.3/lwjgl-tinyfd-3.3.3-natives-macos.jar:/Users/celestingrillot/Documents/curseforge/minecraft/Install/libraries/org/lwjgl/lwjgl-tinyfd/3.3.3/lwjgl-tinyfd-3.3.3-natives-macos-arm64.jar:/Users/celestingrillot/Documents/curseforge/minecraft/Install/libraries/org/lwjgl/lwjgl/3.3.3/lwjgl-3.3.3.jar:/Users/celestingrillot/Documents/curseforge/minecraft/Install/libraries/org/lwjgl/lwjgl/3.3.3/lwjgl-3.3.3-natives-macos.jar:/Users/celestingrillot/Documents/curseforge/minecraft/Install/libraries/org/lwjgl/lwjgl/3.3.3/lwjgl-3.3.3-natives-macos-arm64.jar:/Users/celestingrillot/Documents/curseforge/minecraft/Install/libraries/org/lz4/lz4-java/1.8.0/lz4-java-1.8.0.jar:/Users/celestingrillot/Documents/curseforge/minecraft/Install/versions/neoforge-21.1.228/neoforge-21.1.228.jar
Launcher Type: SUN_STANDARD

[Global flags]
     intx CICompilerCount                          = 4                                         {product} {ergonomic}
     uint ConcGCThreads                            = 2                                         {product} {ergonomic}
     uint G1ConcRefinementThreads                  = 9                                         {product} {ergonomic}
   size_t G1HeapRegionSize                         = 4194304                                   {product} {ergonomic}
    uintx GCDrainStackTargetSize                   = 64                                        {product} {ergonomic}
   size_t InitialHeapSize                          = 268435456                                 {product} {command line}
   size_t MarkStackSize                            = 4194304                                   {product} {ergonomic}
   size_t MaxHeapSize                              = 8589934592                                {product} {command line}
   size_t MaxNewSize                               = 5150605312                                {product} {ergonomic}
   size_t MinHeapDeltaBytes                        = 4194304                                   {product} {ergonomic}
   size_t MinHeapSize                              = 268435456                                 {product} {command line}
    uintx NonNMethodCodeHeapSize                   = 5839564                                {pd product} {ergonomic}
    uintx NonProfiledCodeHeapSize                  = 122909338                              {pd product} {ergonomic}
    uintx ProfiledCodeHeapSize                     = 122909338                              {pd product} {ergonomic}
    uintx ReservedCodeCacheSize                    = 251658240                              {pd product} {ergonomic}
     bool SegmentedCodeCache                       = true                                      {product} {ergonomic}
   size_t SoftMaxHeapSize                          = 8589934592                             {manageable} {ergonomic}
     intx ThreadStackSize                          = 1024                                   {pd product} {command line}
     bool UseCompressedOops                        = true                           {product lp64_product} {ergonomic}
     bool UseG1GC                                  = true                                      {product} {ergonomic}
     bool UseNUMA                                  = false                                     {product} {ergonomic}
     bool UseNUMAInterleaving                      = false                                     {product} {ergonomic}

Logging:
Log output configuration:
 #0: stdout all=warning uptime,level,tags foldmultilines=false
 #1: stderr all=off uptime,level,tags foldmultilines=false

Release file:
IMPLEMENTOR="Eclipse Adoptium"
IMPLEMENTOR_VERSION="Temurin-21.0.10+7"
JAVA_RUNTIME_VERSION="21.0.10+7-LTS"
JAVA_VERSION="21.0.10"
JAVA_VERSION_DATE="2026-01-20"
LIBC="default"
MODULES="java.base java.compiler java.datatransfer java.xml java.prefs java.desktop java.instrument java.logging java.management java.security.sasl java.naming java.rmi java.management.rmi java.net.http java.scripting java.security.jgss java.transaction.xa java.sql java.sql.rowset java.xml.crypto java.se java.smartcardio jdk.accessibility jdk.internal.jvmstat jdk.attach jdk.charsets jdk.internal.opt jdk.zipfs jdk.compiler jdk.crypto.ec jdk.crypto.cryptoki jdk.dynalink jdk.internal.ed jdk.editpad jdk.hotspot.agent jdk.httpserver jdk.incubator.vector jdk.internal.le jdk.internal.vm.ci jdk.internal.vm.compiler jdk.internal.vm.compiler.management jdk.jartool jdk.javadoc jdk.jcmd jdk.management jdk.management.agent jdk.jconsole jdk.jdeps jdk.jdwp.agent jdk.jdi jdk.jfr jdk.jlink jdk.jpackage jdk.jshell jdk.jsobject jdk.jstatd jdk.localedata jdk.management.jfr jdk.naming.dns jdk.naming.rmi jdk.net jdk.nio.mapmode jdk.random jdk.sctp jdk.security.auth jdk.security.jgss jdk.unsupported jdk.unsupported.desktop jdk.xml.dom"
OS_ARCH="aarch64"
OS_NAME="Darwin"
SOURCE=".:git:a633eafe0fcc"
BUILD_SOURCE="git:458965074606f027bd5afce2cfd5c1055dea0438"
BUILD_SOURCE_REPO="https://github.com/adoptium/temurin-build.git"
SOURCE_REPO="https://github.com/adoptium/jdk21u.git"
FULL_VERSION="21.0.10+7-LTS"
SEMANTIC_VERSION="21.0.10+7"
BUILD_INFO="OS: macOS Version: 14.1 23B74"
JVM_VARIANT="Hotspot"
JVM_VERSION="21.0.10+7-LTS"
IMAGE_TYPE="JRE"

Environment Variables:
PATH=/usr/bin:/bin:/usr/sbin:/sbin
SHELL=/bin/zsh
TMPDIR=/var/folders/c5/cv0zzqrs117bj4d7qq6pzjp40000gn/T/

Active Locale:
LC_ALL=C
LC_COLLATE=C
LC_CTYPE=C
LC_MESSAGES=C
LC_MONETARY=C
LC_NUMERIC=C
LC_TIME=C

Signal Handlers:
   SIGSEGV: crash_handler in libjvm.dylib, mask=11100110000111110111111111111111, flags=SA_ONSTACK|SA_RESTART|SA_SIGINFO, unblocked
    SIGBUS: crash_handler in libjvm.dylib, mask=11100110000111110111111111111111, flags=SA_RESTART|SA_SIGINFO, unblocked
    SIGFPE: crash_handler in libjvm.dylib, mask=11100110000111110111111111111111, flags=SA_RESTART|SA_SIGINFO, unblocked
   SIGPIPE: javaSignalHandler in libjvm.dylib, mask=11100110000111110111111111111111, flags=SA_RESTART|SA_SIGINFO, blocked
   SIGXFSZ: javaSignalHandler in libjvm.dylib, mask=11100110000111110111111111111111, flags=SA_RESTART|SA_SIGINFO, blocked
    SIGILL: crash_handler in libjvm.dylib, mask=11100110000111110111111111111111, flags=SA_RESTART|SA_SIGINFO, unblocked
   SIGUSR2: SR_handler in libjvm.dylib, mask=00000000000000000000000000000000, flags=SA_RESTART|SA_SIGINFO, blocked
    SIGHUP: UserHandler in libjvm.dylib, mask=11100110000111110111111111111111, flags=SA_RESTART|SA_SIGINFO, blocked
    SIGINT: UserHandler in libjvm.dylib, mask=11100110000111110111111111111111, flags=SA_RESTART|SA_SIGINFO, blocked
   SIGTERM: UserHandler in libjvm.dylib, mask=11100110000111110111111111111111, flags=SA_RESTART|SA_SIGINFO, blocked
   SIGQUIT: UserHandler in libjvm.dylib, mask=11100110000111110111111111111111, flags=SA_RESTART|SA_SIGINFO, blocked
   SIGTRAP: crash_handler in libjvm.dylib, mask=11100110000111110111111111111111, flags=SA_RESTART|SA_SIGINFO, unblocked


Periodic native trim disabled

---------------  S Y S T E M  ---------------

OS:
uname: Darwin 24.6.0 Darwin Kernel Version 24.6.0: Mon Jul 14 11:30:40 PDT 2025; root:xnu-11417.140.69~1/RELEASE_ARM64_T8132 arm64
OS uptime: 7 days 23:40 hours
rlimit (soft/hard): STACK 8176k/65520k , CORE 0k/infinity , NPROC 2666/4000 , NOFILE 1048576/infinity , AS infinity/infinity , CPU infinity/infinity , DATA infinity/infinity , FSIZE infinity/infinity , MEMLOCK infinity/infinity , RSS infinity/infinity
load average: 4.58 4.85 4.15

CPU: total 10 (initial active 10) 0x61:0x0:0x6f5129ac:0, fp, asimd, aes, pmull, sha1, sha256, crc32, lse, sha3, sha512
machdep.cpu.brand_string:Apple M4
hw.cachelinesize:128
hw.l1icachesize:131072
hw.l1dcachesize:65536
hw.l2cachesize:4194304

Memory: 16k page, physical 16777216k(73744k free), swap 1048576k(804928k free)

vm_info: OpenJDK 64-Bit Server VM (21.0.10+7-LTS) for bsd-aarch64 JRE (21.0.10+7-LTS), built on 2026-01-20T00:00:00Z by "admin" with clang Apple LLVM 15.0.0 (clang-1500.1.0.2.5)

END.
